Associated Pools,Name,Ticker,Risk Rating (Exponential),Chain
"https://www.notion.so/Euler-ETH-Lending-95f458b8a02744adbe4bacb3103e03df, https://www.notion.so/Yearn-ETH-Market-Making-6793a74cfbfe434b8b8793127ed50106, https://www.notion.so/Uniswap-ETH-Market-Making-22c69945082a495abc5b7d3354c30406",Coinbase Wrapped Staked ETH,cbETH,Good,https://www.notion.so/Ethereum-c79d5959d3b0408b83e8d341fd6b60ac
"https://www.notion.so/Lido-SOL-Staking-b2373ddb24f54b7c84d890a4245c6982, https://www.notion.so/Marinade-SOL-Staking-00864de0161241a2b3680b532778a54c, https://www.notion.so/Saber-SOL-Market-Making-38b6cb7285e3480b9ce2bc63cfe27c27, https://www.notion.so/Quarry-SOL-Market-Making-bb00ed4a85014c3f9d9feae4fc36ff29, https://www.notion.so/Lifinity-SOL-USDC-Market-Making-67e57b31c00e47e9b70c842072529898, https://www.notion.so/Lifinity-SOL-USDT-Market-Making-400da2e9837f4266aedc5e6fa56fd710, https://www.notion.so/Raydium-SOL-USD-Market-Making-4d841533e6944062b3321780eebf7427, https://www.notion.so/Raydium-SOL-USD-Market-Making-01994d063e464adbae9c3b3de515a0ae, https://www.notion.so/Raydium-SOL-ETH-Market-Making-c64c2082ee47418e94b39b36e9cb111d",SOL,SOL,Best,https://www.notion.so/Solana-022c24c585b842e8864b91dd63e37f5a
"https://www.notion.so/Lido-MATIC-Staking-98034a2731174584a749e31242e24b4d, https://www.notion.so/Clipper-Tricrypto-MATIC-Market-Making-ef19e460d97c4a58a2366e9a7d7eed8f, https://www.notion.so/Uniswap-ETH-MATIC-Market-Making-5ca9a69050304f8ba0dd0877855ed738, https://www.notion.so/Quickswap-MATIC-ETH-Market-Making-c680bc8427a34a9e904ff0184c25d58d, https://www.notion.so/KyberSwap-MATIC-USD-Market-Making-6114653da3164124b4ab8d3a714d8964, https://www.notion.so/Quickswap-MATIC-USD-Market-Making-e78ebe73bf694f25bba7b8cdb78ef039, https://www.notion.so/Balancer-MATIC-Market-Making-d2dccc5013834373ac9317d131ebad51, https://www.notion.so/Beefy-MATIC-Market-Making-dc307e71cdb24d80a2b1e055a0ce4e04",MATIC,MATIC,Best,https://www.notion.so/Polygon-7674f8d92d2b405d854a758c7d3ec4fa
,Wrapped Ether (Ethereum),WETH,Best,https://www.notion.so/Ethereum-c79d5959d3b0408b83e8d341fd6b60ac
"https://www.notion.so/KyberSwap-MATIC-Market-Making-36110997c77c4adc8fab4b76214688c8, https://www.notion.so/KyberSwap-MATIC-USD-Market-Making-681e6ba6c7b741578a6d0dc31c35e725, https://www.notion.so/Balancer-MATIC-Market-Making-d2dccc5013834373ac9317d131ebad51, https://www.notion.so/Beefy-MATIC-Market-Making-dc307e71cdb24d80a2b1e055a0ce4e04",Lido Staked MATIC (Polygon),stMATIC,Good,https://www.notion.so/Polygon-7674f8d92d2b405d854a758c7d3ec4fa
"https://www.notion.so/Pendle-LOOKS-Yield-Token-3-29-2ef611ce66324a5996c6521073d60973, https://www.notion.so/Pendle-LOOKS-Market-Making-3-29-aba0e18ed3e14fd2b98b411747a5b7e5, https://www.notion.so/LooksRare-Fee-Sharing-be74114a60194c0f842adc5ae9b5cf18, https://www.notion.so/Pendle-LOOKS-Principal-Token-3-29-a24788e200644fb3b6265042f85eaeee, https://www.notion.so/Uniswap-ETH-LOOKS-Market-Making-1558792bcd684a40b84e5888492f9439",LooksRare Token,LOOKS,Good,https://www.notion.so/Ethereum-c79d5959d3b0408b83e8d341fd6b60ac
"https://www.notion.so/Trader-Joe-AVAX-ETH-Market-Making-f3a692e8780e4e4081289178ad63280c, https://www.notion.so/cBridge-ETH-Avalanche-f2faf0b8c65f48b29e20a538d06df2db, https://www.notion.so/Synapse-ETH-Market-Making-317b029337034de895ba97ac5e38d6f3, https://www.notion.so/Trader-Joe-ETH-Lending-90091be854004ea996fe9b81260cc403, https://www.notion.so/Beefy-AVAX-ETH-Market-Making-22d427c3ede1441ca7493c8d933dfbcf, https://www.notion.so/Benqi-ETH-Lending-3d34d4d8a8704f6c9f2a4a89f1774150, https://www.notion.so/Pangolin-AVAX-ETH-Market-Making-ccabcca57d2b4caf837fef462c1ca356",Wrapped Ether (Avalanche),WETH.e,Good,https://www.notion.so/Avalanche-b9e965600817456ca2fb67c6cc74feb0
"https://www.notion.so/Beefy-AVAX-Market-Making-529f036036914dd8beb519302a88174e, https://www.notion.so/Trader-Joe-AVAX-Market-Making-16030e3c58d344e0b9244fd24df6b340, https://www.notion.so/Pangolin-AVAX-Market-Making-12cac26f047d41caaeabf1427cf329bb, https://www.notion.so/Platypus-AVAX-Market-Making-ec370326e45e4bd5a0c973d7722d1e5c, https://www.notion.so/Aave-sAVAX-Lending-7d31bdd836bb4b3e8917339b6c3f84a3, https://www.notion.so/Trader-Joe-V2-AVAX-Market-Making-a8f83621e1054360a33c4276541358f1, https://www.notion.so/Ribbon-AVAX-Calls-a1fd1286e6a146f7b417521bffb76459, https://www.notion.so/Benqi-AVAX-Lending-577b3c52438d402388add34fae8d0622",Benqi Liquid Staked AVAX,sAVAX,Best,https://www.notion.so/Avalanche-b9e965600817456ca2fb67c6cc74feb0
"https://www.notion.so/Umami-Staking-96de261ee9d94fe594400f906ddc2c8b, https://www.notion.so/Uniswap-UMAMI-ETH-Market-Making-100bp-3d71882b28c942f7ac581d1512a17a12",UMAMI,UMAMI,Good,https://www.notion.so/Arbitrum-f8d5cdab8d004f53abeec9c660867a64
"https://www.notion.so/GMX-Fee-Sharing-0fbf7f40f7394506933e2789dcca1a1f, https://www.notion.so/Uniswap-GMX-USD-Market-Making-8a4096d8fc60455e83e71a55e311c0a8, https://www.notion.so/Uniswap-GMX-ETH-Market-Making-ea87f2dfd2bd436b81d532aa511b30bf, https://www.notion.so/Uniswap-ETH-GMX-Market-Making-484489897c6d49c4ba0167edc999e60c, https://www.notion.so/Uniswap-GMX-USD-Market-Making-1bp-1c7573d44b57408ca1b7c81a2518a28e",GMX,GMX,Best,https://www.notion.so/Arbitrum-f8d5cdab8d004f53abeec9c660867a64
"https://www.notion.so/Balancer-ETH-Market-Making-a3cf467cb3424c73a7c2487fc25eadf6, https://www.notion.so/Euler-ETH-Lending-7ef710f7617242d5a2efb9d8b5e6d6d4, https://www.notion.so/Gearbox-ETH-Lending-a3f2ec8ea40d4f9f9a783896458755ee, https://www.notion.so/KyberSwap-ETH-Market-Making-554021e69f1d4d20983b7c408670907a",Wrapped stETH,wstETH,Best,https://www.notion.so/Ethereum-c79d5959d3b0408b83e8d341fd6b60ac
https://www.notion.so/Uniswap-USDC-FOLD-Market-Making-1f618128dea64938ace45bf9551cbb1c,Manifold Finance,FOLD,Best,https://www.notion.so/Ethereum-c79d5959d3b0408b83e8d341fd6b60ac
"https://www.notion.so/Trader-Joe-AVAX-ETH-Market-Making-f3a692e8780e4e4081289178ad63280c, https://www.notion.so/Beefy-AVAX-Market-Making-529f036036914dd8beb519302a88174e, https://www.notion.so/Trader-Joe-AVAX-Market-Making-16030e3c58d344e0b9244fd24df6b340, https://www.notion.so/Pangolin-AVAX-Market-Making-12cac26f047d41caaeabf1427cf329bb, https://www.notion.so/Platypus-AVAX-Market-Making-ec370326e45e4bd5a0c973d7722d1e5c, https://www.notion.so/Aave-AVAX-Lending-d580b7e245d44335ba5e162dc272a04e, https://www.notion.so/WOOFi-AVAX-Staking-aa4a9db7988445f19a117dc3153b2210, https://www.notion.so/Benqi-AVAX-Staking-a91d8131e0d34ca1b4a976aa74df6211, https://www.notion.so/Ribbon-AVAX-Calls-79d723384969415ca1e58b0e959f255e, https://www.notion.so/Trader-Joe-BTC-AVAX-Market-Making-cd8e590b4da1421a88e71b63650ffd73, https://www.notion.so/Trader-Joe-AVAX-USD-Market-Making-610b4aecf9cc4b30a2e7998aabd1f3fb, https://www.notion.so/Pangolin-AVAX-USD-Market-Making-429dfff315a044ef8f376ebdfeeb049a, https://www.notion.so/Trader-Joe-AVAX-USD-Market-Making-2f83fd77f8a648bb922acd65f53c0ad4, https://www.notion.so/Trader-Joe-AVAX-USD-Market-Making-74b145757b1849cdaba89b12e9ffaf80, https://www.notion.so/Trader-Joe-AVAX-USD-Market-Making-7503c07fa9a246468495c1870680d6ee, https://www.notion.so/Trader-Joe-AVAX-USD-Market-Making-9e1740b7f9314b22a4075d2a6935e277, https://www.notion.so/Trader-Joe-AVAX-USD-Market-Making-90be208a12a84a1aae81da56efe2889e, https://www.notion.so/Aave-AVAX-Lending-legacy-v2-f78a00b685c848da8b53c7a0817958d7, https://www.notion.so/Trader-Joe-AVAX-Lending-029e63398efb49a1a0f36a510fae4fae, https://www.notion.so/Beefy-AVAX-ETH-Market-Making-22d427c3ede1441ca7493c8d933dfbcf, https://www.notion.so/Benqi-AVAX-Lending-6876ae3d21a14ce2bd3865438239562f, https://www.notion.so/Pangolin-AVAX-ETH-Market-Making-ccabcca57d2b4caf837fef462c1ca356",Avalanche,AVAX,Best,https://www.notion.so/Avalanche-b9e965600817456ca2fb67c6cc74feb0
"https://www.notion.so/WOOFi-OP-Staking-74a352c682d64e98b74b1acd06cb76ea, https://www.notion.so/Sonne-OP-Lending-b661cd6f6fb44e14858da7f61a2f7a41, https://www.notion.so/Clipper-Tricrypto-LINK-OP-Market-Making-72f493cf3cf84dbb97a576eb2f8613c0, https://www.notion.so/Uniswap-ETH-OP-Market-Making-2b5c0abad3344a88bda4b6ac144f8be6, https://www.notion.so/Beethoven-OP-ETH-USD-Market-Making-6a72960473ea47c286147e3981f5cfe5, https://www.notion.so/Uniswap-OP-USD-Market-Making-57b41ceb40804e4887ef67a25d4fc6b3",Optimism,OP,Good,https://www.notion.so/Optimism-bc636b25a65b4524ac249b8e626cad75
"https://www.notion.so/Pendle-APE-Yield-Token-6-28-d793bf84335a4cc4920225174ff00688, https://www.notion.so/Pendle-APE-Market-Making-6-28-128aa156f0724a76aacf845b66cca71b, https://www.notion.so/Pendle-APE-Principal-Token-6-28-eb617db7e2a9437986b67e8e83c03523",APE Coin,APE,,
"https://www.notion.so/Dopex-DPX-Monthly-Calls-cf6d311ccd6944979a3c44d2713939d6, https://www.notion.so/Sushi-ETH-DPX-Market-Making-ce0516ec4c144c248f81fbc087366d42",Dopex Governance Token,DPX,Best,https://www.notion.so/Arbitrum-f8d5cdab8d004f53abeec9c660867a64
"https://www.notion.so/Aave-AAVE-Staking-6018780e9a9045c3becd2d7070bb94e5, https://www.notion.so/Aave-AAVE-ETH-Staking-56b26844758244a69ac8bd385136c4de, https://www.notion.so/Yearn-AAVE-Lending-dad2ee0759044108b2e11f4a51715f75",Aave Token (Ethereum),AAVE,Best,https://www.notion.so/Ethereum-c79d5959d3b0408b83e8d341fd6b60ac
https://www.notion.so/Yearn-ETH-Market-Making-e85aa83399c940e09a3b9fd04e960118,Ankr Eth2 Reward Bearing Certificate,aETHc,Good,https://www.notion.so/Ethereum-c79d5959d3b0408b83e8d341fd6b60ac
"https://www.notion.so/Convex-EUR-USD-Market-Making-2d49f8c3e7804548afb5c16167243c1d, https://www.notion.so/Velodrome-EUR-USD-Market-Making-f0eba038d77e4cbaa1a57850471a9dc1, https://www.notion.so/Uniswap-EUR-USD-Market-Making-2d05ae8e9a254b7f8fe5b08a90c6cfb2, https://www.notion.so/Convex-EUR-Market-Making-fec48d7f75ca4c07850d59ea893057a7, https://www.notion.so/Convex-EUR-Market-Making-b94093f7fe2842a8b9d8609e9befd700, https://www.notion.so/Convex-EUR-Market-Making-5d929c8e318f42ad86d5325d4f962eb7, https://www.notion.so/Convex-EUR-Market-Making-0e829a7c0ed44724a2145bcc61b0a918",agEUR (Ethereum),agEUR,Good,https://www.notion.so/Ethereum-c79d5959d3b0408b83e8d341fd6b60ac
"https://www.notion.so/Convex-ETH-Market-Making-85d223b59f0444c882a97a98d7939cff, https://www.notion.so/Mero-ETH-Staking-b6a50aad50c848548469635fa929a1ab",Alchemix ETH (Ethereum),alETH,Good,https://www.notion.so/Ethereum-c79d5959d3b0408b83e8d341fd6b60ac
,Alpha Token,ALPHA,Best,https://www.notion.so/Ethereum-c79d5959d3b0408b83e8d341fd6b60ac
https://www.notion.so/Beefy-USD-Market-Making-d562b1b671194ccc8b296cc35ff3cc46,Alchemix USD (Optimism),alUSD,Good,https://www.notion.so/Optimism-bc636b25a65b4524ac249b8e626cad75
https://www.notion.so/Tokemak-USD-Market-Making-86df19864a8a4b6e97aecfa782cd6861,Alchemix USD (Ethereum),alUSD,Good,https://www.notion.so/Ethereum-c79d5959d3b0408b83e8d341fd6b60ac
https://www.notion.so/Beefy-AVAX-FTM-Market-Making-11c3944d9d4e4bec90dd031510617701,Avalanche (Fantom),AVAX,Best,https://www.notion.so/Fantom-5c7c8e52ab29487bba272e685a020f5e
,Wrapped AVAX (Wormhole Polygon),WAVAX,Best,https://www.notion.so/Polygon-7674f8d92d2b405d854a758c7d3ec4fa
,Wrapped AVAX (Wormhole Solana),WAVAX,Best,https://www.notion.so/Solana-022c24c585b842e8864b91dd63e37f5a
,Axie Infinity Shard,AXS,Good,https://www.notion.so/Ethereum-c79d5959d3b0408b83e8d341fd6b60ac
https://www.notion.so/Llama-Airforce-BAL-Staking-0aaf0824d30c46a3b1c0e0e71df61970,Balancer (Ethereum),BAL,Best,https://www.notion.so/Ethereum-c79d5959d3b0408b83e8d341fd6b60ac
https://www.notion.so/BendDAO-Fee-Sharing-8131b482a2ef4463b89726b8ea7cbf71,Bend Token,BEND,Good,https://www.notion.so/Ethereum-c79d5959d3b0408b83e8d341fd6b60ac
"https://www.notion.so/Chicken-Bonds-USD-Bonding-0741980e269240dfb3a60ab6bc5b0998, https://www.notion.so/Curve-USD-Market-Making-e4b30900f7ef4d79b68552e4283eaf17",Boosted LUSD,bLUSD,Good,https://www.notion.so/Ethereum-c79d5959d3b0408b83e8d341fd6b60ac
"https://www.notion.so/WOOFi-BNB-Staking-01bd10bdd127464d975aed3c8defaaf2, https://www.notion.so/Stader-BNB-Staking-aaa0cd23ec774f64b426335d6379fc73, https://www.notion.so/Pancakeswap-BNB-ETH-Market-Making-d1fdbaae1e1e4e0da933e0526a73e07e, https://www.notion.so/Wombat-BNB-Market-Making-ef20402ac39b48d7a29246e6fc580975",Binance Chain Native Token,BNB,Good,https://www.notion.so/BNB-Chain-c98ffd928880485e871d933cc7ba0384
https://www.notion.so/AutoFarm-ETH-BNB-Market-Making-59756717cfc949ba951bf62debea5665,Wrapped BNB,WBNB,Good,https://www.notion.so/BNB-Chain-c98ffd928880485e871d933cc7ba0384
,Bancor,BNT,Watch Out,https://www.notion.so/Ethereum-c79d5959d3b0408b83e8d341fd6b60ac
https://www.notion.so/Spookyswap-FTM-BOO-Market-Making-da7cf66f09d84ceda0e6c86fa95279eb,SpookyToken,BOO,Good,https://www.notion.so/Fantom-5c7c8e52ab29487bba272e685a020f5e
"https://www.notion.so/Radiant-BTC-Lending-2ad7a76d02954a80bbc1448894f95e48, https://www.notion.so/Beefy-Tricrypto-Market-Making-fd14f08ed5fb4071a077e234d007eb91, https://www.notion.so/Balancer-Tricrypto-Market-Making-edad4fe8eacf4472a846eda067bff53b, https://www.notion.so/Beefy-Tricrypto-Market-Making-9348ac59ae594784a9fedd5f76e60c65, https://www.notion.so/RageTrade-Tricrypto-Market-Making-6af5484a10e84e97b9f13014100137cd, https://www.notion.so/Uniswap-BTC-ETH-30bp-Market-Making-de0ba1e115e04b6dafc3f03f7923df3e",Wrapped BTC (Arbitrum),WBTC,Good,https://www.notion.so/Arbitrum-f8d5cdab8d004f53abeec9c660867a64
,Binance Wrapped BTC,BBTC,Good,https://www.notion.so/Ethereum-c79d5959d3b0408b83e8d341fd6b60ac
https://www.notion.so/DeFiChain-BTC-DFI-Market-Making-2ac6a2784853481cbf482439b6ea0974,DeFiChain Bitcoin,dBTC,Good,https://www.notion.so/DeFiChain-4190c34f5f8e498380040b2808751198
"https://www.notion.so/Venus-BTC-Lending-de8a89ad745f4b2a9422f1e50358b8ac, https://www.notion.so/PancakeSwap-BTC-ETH-Market-Making-7d0c2bd744634be39f258bce2d1f389f, https://www.notion.so/Biswap-BTC-USD-Market-Making-fa442764b49e4a58aa3815d79094bc29, https://www.notion.so/PancakeSwap-BTC-USD-Market-Making-d91e76e18d5e4f75b4dfd25f034df6fd, https://www.notion.so/Beefy-BTC-USD-Market-Making-46085067c8a140399a099dfeb56a9f81",Binance-Peg BTCB Token,BTCB,Good,https://www.notion.so/BNB-Chain-c98ffd928880485e871d933cc7ba0384
"https://www.notion.so/0VIX-BTC-Lending-92715b19f9304545b4b2919cafdca27b, https://www.notion.so/Clipper-Tricrypto-MATIC-Market-Making-ef19e460d97c4a58a2366e9a7d7eed8f, https://www.notion.so/Balancer-Tricrypto-Market-Making-9e115ccbd19448798675a7a6237f46d9, https://www.notion.so/Beefy-Tricrypto-Market-Making-8c6b5810b65540189dd8b7f7edb326a4, https://www.notion.so/Uniswap-BTC-ETH-Market-Making-610572a8b23f418487180c35e66560f3, https://www.notion.so/KyberSwap-BTC-ETH-Market-Making-128ee471629f48dca2dc78ede4659df6, https://www.notion.so/Uniswap-BTC-USD-Market-Making-c8cd533427044ff894deecd1930c429e",Wrapped BTC (PoS Polygon),WBTC,Good,https://www.notion.so/Polygon-7674f8d92d2b405d854a758c7d3ec4fa
https://www.notion.so/Beethoven-FTM-Tricrypto-Market-Making-bb4c41e61f83404089766bcd1c704dec,Bitcoin (Fantom),BTC,Good,https://www.notion.so/Fantom-5c7c8e52ab29487bba272e685a020f5e
,renBTC (Polygon),renBTC,Best,https://www.notion.so/Polygon-7674f8d92d2b405d854a758c7d3ec4fa
"https://www.notion.so/Convex-BTC-Market-Making-84a0b2081f9d4931a52119f95c70eac0, https://www.notion.so/Badger-BTC-Market-Making-07362aa8af9b4618a87671dd79be786a",renBTC (Ethereum),renBTC,Best,https://www.notion.so/Ethereum-c79d5959d3b0408b83e8d341fd6b60ac
"https://www.notion.so/Uniswap-BTC-Market-Making-0b4cbb47e1624724b30ae015fef52b47, https://www.notion.so/Yearn-BTC-Market-Making-1bcf03cf242a47ac9c0fe20884130e3d, https://www.notion.so/Gearbox-BTC-Lending-442cb3f065e4441ca10cf2b9f8b611ff, https://www.notion.so/Notional-BTC-Fixed-Term-Lending-3-23-78de672acc73460e8e91a7ceefcccd6b, https://www.notion.so/Convex-BTC-Market-Making-84a0b2081f9d4931a52119f95c70eac0, https://www.notion.so/Notional-BTC-Fixed-Term-Lending-6-21-0e8653d540004a528d3f3ce1fddb55bf, https://www.notion.so/Morpho-Aave-BTC-Lending-3c940340758f41d198b5c7a3e3efa369, https://www.notion.so/Euler-BTC-Lending-1cf1447cee25486d95a72044eb66ac16, https://www.notion.so/Badger-BTC-Market-Making-07362aa8af9b4618a87671dd79be786a, https://www.notion.so/Notional-BTC-Market-Making-24bc0fffb5974b2dacebba66f6291121, https://www.notion.so/Morpho-Compound-BTC-Lending-75f8557ed5ec40e8b01c1bdd451ed03d, https://www.notion.so/Clipper-Tricrypto-Market-Making-7e0de2bb24024e5c9911d083a42ff43a, https://www.notion.so/Yearn-Tricrypto-Market-Making-2a046da84b9e4322898ae81135100278, https://www.notion.so/Curve-Tricrypto-Market-Making-5833acceac99451e98171487dc0bc9d4, https://www.notion.so/Sommelier-ETH-BTC-Trend-20fe0878125e40869b88e754a5c482b0, https://www.notion.so/Sommelier-ETH-BTC-Momentum-dc1007792a784ccab723ab0076d42e52, https://www.notion.so/Uniswap-BTC-ETH-5bp-Market-Making-806b4f6cd11a4579afe4a39de6bf87e4, https://www.notion.so/Balancer-BTC-ETH-Market-Making-43698178c5274b319a57ea2284227415, https://www.notion.so/Uniswap-BTC-USD-Market-Making-dcfe7026a19a440aaa561d12451ee9c4, https://www.notion.so/Uniswap-BTC-USD-Market-Making-3f022d8af2a84162980037a6e92f54b2, https://www.notion.so/Aave-BTC-Lending-e255495661094829849923e7ee635d3a, https://www.notion.so/Across-BTC-Bridging-4d0323751de44dd4ab81a790937475b2, https://www.notion.so/Compound-BTC-Lending-221b49eed5944743a3eedb22d034f631, https://www.notion.so/PancakeSwap-BTC-ETH-Market-Making-636825805e9e42c489434d72ed09d059",Wrapped BTC (Ethereum),WBTC,Good,https://www.notion.so/Ethereum-c79d5959d3b0408b83e8d341fd6b60ac
"https://www.notion.so/Trader-Joe-V2-BTC-Market-Making-a8d88b34fa014ac292cdd46d399152a5, https://www.notion.so/Benqi-BTC-Lending-8da7f32f90c74b64966dc93bce533868, https://www.notion.so/Platypus-BTC-Market-Making-009226ef193a408db254689152c9bce4",Bitcoin (Avalanche),BTC.b,Best,https://www.notion.so/Avalanche-b9e965600817456ca2fb67c6cc74feb0
"https://www.notion.so/Trader-Joe-V2-BTC-Market-Making-a8d88b34fa014ac292cdd46d399152a5, https://www.notion.so/Platypus-BTC-Market-Making-009226ef193a408db254689152c9bce4, https://www.notion.so/Benqi-BTC-Lending-f0af699402a540678cf010c9b4ab1f99, https://www.notion.so/Trader-Joe-BTC-Lending-e1c93a4d377d4d0e9b4ebf4000b87f32, https://www.notion.so/Beefy-Tricrypto-Market-Making-cfa19578ce734c98947ee51b4728920d, https://www.notion.so/Trader-Joe-BTC-AVAX-Market-Making-cd8e590b4da1421a88e71b63650ffd73",Wrapped BTC (Avalanche),WBTC.e,Good,https://www.notion.so/Avalanche-b9e965600817456ca2fb67c6cc74feb0
"https://www.notion.so/Curve-BTC-Market-Making-6e59fb7161c04f34b8619f2c334601ec, https://www.notion.so/Sonne-BTC-Lending-349f1373bf154d33aef9defd85a2f480, https://www.notion.so/Aave-BTC-Lending-3bc26cdc8cc14b2d820a7268ab441f11, https://www.notion.so/Yearn-BTC-Lending-c875a458103240528acce4d60525622c, https://www.notion.so/Clipper-Tricrypto-LINK-OP-Market-Making-72f493cf3cf84dbb97a576eb2f8613c0, https://www.notion.so/Beethoven-Tricrypto-Market-Making-3580d5a14152427a9a09df1e7acd451c, https://www.notion.so/Uniswap-BTC-ETH-Market-Making-cfeb8faa6d8c422e83c13772dae6df5a",Wrapped BTC (Optimism),WBTC,Good,https://www.notion.so/Optimism-bc636b25a65b4524ac249b8e626cad75
https://www.notion.so/Redacted-BTRFLY-Fee-Sharing-bae6e6d6be204ad79986dd4b9a84449d,BTRFLY,BTRFLY,Best,https://www.notion.so/Ethereum-c79d5959d3b0408b83e8d341fd6b60ac
https://www.notion.so/TrueFi-USD-Lending-892c15d144834517bd5d9766193e8c0a,Binance USD (Ethereum),BUSD,Good,https://www.notion.so/Ethereum-c79d5959d3b0408b83e8d341fd6b60ac
"https://www.notion.so/Synapse-USD-Market-Making-c111eabcda5a4c84b0ab5eb4d1a99c12, https://www.notion.so/PancakeSwap-BTC-USD-Market-Making-d91e76e18d5e4f75b4dfd25f034df6fd, https://www.notion.so/Beefy-BTC-USD-Market-Making-46085067c8a140399a099dfeb56a9f81, https://www.notion.so/AutoFarm-USD-Market-Making-20add8411a1147f990e5be896a309ab1, https://www.notion.so/PancakeSwap-USDC-BUSD-Market-Making-957c56ef0974407285475602e22d9e19, https://www.notion.so/Stargate-USD-Bridging-608f37c44107480fa8304af253ec7703, https://www.notion.so/Venus-USD-Lending-5efe617dfda54f79b2ef30e6950857b2, https://www.notion.so/Wombat-USD-Market-Making-e1792e30777e4a2f9ef627c85cefaffc",Binance-Peg BUSD Token (BNB Chain),BUSD,Good,https://www.notion.so/BNB-Chain-c98ffd928880485e871d933cc7ba0384
,Compound Collateral,cCOMP,Best,https://www.notion.so/Ethereum-c79d5959d3b0408b83e8d341fd6b60ac
https://www.notion.so/Balancer-COMP-ETH-Market-Making-e9181d60939d45bf89d97b33966ba90e,Compound,COMP,Best,https://www.notion.so/Ethereum-c79d5959d3b0408b83e8d341fd6b60ac
https://www.notion.so/AutoFarm-ETH-CRO-Market-Making-7d84f1cd6a9c491a8dfe1e0daf436ef3,CRO,CRO,Good,https://www.notion.so/Cronos-28f01dd1f51341d4aee928b88d26c498
,Wrapped CRO,WCRO,Good,https://www.notion.so/Cronos-28f01dd1f51341d4aee928b88d26c498
"https://www.notion.so/Yearn-CRV-Market-Making-502cdc8b6b3b411d8d1b9c3b2951600e, https://www.notion.so/Convex-cvxCRV-CRV-Market-Making-17dfc96789404afba824ce4aedd231bf",Convex CRV,cvxCRV,Best,https://www.notion.so/Ethereum-c79d5959d3b0408b83e8d341fd6b60ac
"https://www.notion.so/Curve-CRV-Fee-Sharing-35b805b0132c48cc8a92b44dc85802bb, https://www.notion.so/Yearn-CRV-Staking-b4916ee4591149668f2e55f03915a134, https://www.notion.so/Llama-Airforce-CRV-Fee-Sharing-8ae48cc89c9543eba45d9e84c1c229c7, https://www.notion.so/StakeDAO-CRV-Staking-9f3a510a01e24e6a8c23e4874600b36c, https://www.notion.so/Yearn-CRV-Market-Making-502cdc8b6b3b411d8d1b9c3b2951600e, https://www.notion.so/Convex-ETH-CRV-Market-Making-bb0747c7004749c39023314afe7cd7d9, https://www.notion.so/Convex-cvxCRV-CRV-Market-Making-17dfc96789404afba824ce4aedd231bf, https://www.notion.so/Yearn-CRV-ETH-Market-Making-82a946b18f6b48b98f6b7f58571b9986, https://www.notion.so/Convex-CRV-Fee-Sharing-2347df82732c4d1c8e7305e874bb523e",Curve DAO Token (Ethereum),CRV,Best,https://www.notion.so/Ethereum-c79d5959d3b0408b83e8d341fd6b60ac
"https://www.notion.so/Llama-Airforce-CVX-Fee-Sharing-ad2d46eec06745b38695b9ed2e663608, https://www.notion.so/Convex-ETH-CVX-Market-Making-4824f186448d4c869ea9cf54e1376d3b, https://www.notion.so/Yearn-CVX-ETH-Market-Making-772863406d894c7686b02e400348c03e, https://www.notion.so/Convex-CVX-Staking-98bc46afa1ac452c97c94b7ff6b26da0",Convex Token,CVX,Best,https://www.notion.so/Ethereum-c79d5959d3b0408b83e8d341fd6b60ac
"https://www.notion.so/Sonne-USD-Lending-8e2a40d709634eff866253db61c9a98a, https://www.notion.so/Reaper-Farm-USD-Lending-fc0a4ab2ca664d748d32dd07478f5c97, https://www.notion.so/KyberSwap-USD-Market-Making-273060ea627944d3ae338b6e9078ec48, https://www.notion.so/Beethoven-Tricrypto-Market-Making-3580d5a14152427a9a09df1e7acd451c, https://www.notion.so/Beethoven-OP-ETH-USD-Market-Making-6a72960473ea47c286147e3981f5cfe5, https://www.notion.so/Uniswap-ETH-USD-Market-Making-8080b81c6ebd4a869a6c30f888469010, https://www.notion.so/KyberSwap-ETH-USD-Market-Making-7eb81f91a6ab424387421ab051cde3c9, https://www.notion.so/Aave-USD-Lending-65302806b2a74ece8492609a7e6efee6, https://www.notion.so/Beefy-USD-Market-Making-0b7e7bf2c62a4d9398dc9c500019fe89, https://www.notion.so/Beefy-USD-Market-Making-54dd5301ebc0484cbb6ec17510ba6ae2, https://www.notion.so/Curve-USD-Market-Making-f93f2a91cff543938b8e53ed52d52751, https://www.notion.so/Hop-USD-Bridging-acf8416951ea442e878fd3866cb212e9, https://www.notion.so/KyberSwap-USD-Market-Making-551f1902809a4524977335ff3bb44d10",Dai Stablecoin (Optimism),DAI,Good,https://www.notion.so/Optimism-bc636b25a65b4524ac249b8e626cad75
https://www.notion.so/Curve-USD-Market-Making-9b5803272b5f4bb0be398caaea44cfad,Aave Matic Market DAI,amDAI,Good,https://www.notion.so/Polygon-7674f8d92d2b405d854a758c7d3ec4fa
"https://www.notion.so/AutoFarm-USD-Market-Making-20add8411a1147f990e5be896a309ab1, https://www.notion.so/Wombat-USD-Market-Making-f9e4c2d57ea4401c8fd5a40b440a1b21",Dai Stablecoin (BNB Chain),DAI,Average,https://www.notion.so/BNB-Chain-c98ffd928880485e871d933cc7ba0384
,iearn DAI,yDAI,Good,https://www.notion.so/Ethereum-c79d5959d3b0408b83e8d341fd6b60ac
,Aave interest bearing DAI,aDAI,Best,https://www.notion.so/Ethereum-c79d5959d3b0408b83e8d341fd6b60ac
"https://www.notion.so/SpookySwap-FTM-USD-Market-Making-29d0daa3feb04ddf93a57f4575946af9, https://www.notion.so/Beethoven-USD-Market-Making-fb6c2cb47e2e419eb83eb2e501c17400, https://www.notion.so/Beethoven-USD-Market-Making-fddfddcfc4b248909d242387c058c119",Dai Stablecoin (Fantom),DAI,Good,https://www.notion.so/Fantom-5c7c8e52ab29487bba272e685a020f5e
"https://www.notion.so/Trader-Joe-V2-USD-Market-Making-04e48f565dfc47568aa6e4c3cae9cfbc, https://www.notion.so/Synapse-USD-Market-Making-7eb27d3411fd49a3b464a1709db1f67c, https://www.notion.so/Beefy-Tricrypto-Market-Making-cfa19578ce734c98947ee51b4728920d, https://www.notion.so/Trader-Joe-AVAX-USD-Market-Making-7503c07fa9a246468495c1870680d6ee, https://www.notion.so/Aave-USD-Lending-legacy-v2-2ec662373921479090e94bd8156d794e, https://www.notion.so/Aave-USD-Lending-eb9b5e153f7f43bfa4dac5d9a88b122c, https://www.notion.so/Trader-Joe-USD-Lending-f1156f9491de4eccb08a7865a12f2aea, https://www.notion.so/Beefy-USD-Market-Making-4b17060adfea48d1b77de24f1534e30c, https://www.notion.so/Benqi-USD-Lending-90981e708fad449bb68cd7f3e7521dfa, https://www.notion.so/Platypus-USD-Market-Making-2194873c7c6a4d799f47de29c1359873",Dai Stablecoin (Avalanche),DAI,Good,https://www.notion.so/Avalanche-b9e965600817456ca2fb67c6cc74feb0
"https://www.notion.so/Mero-USD-Staking-a2f8c6dcb9aa405f9a695355a4c2f790, https://www.notion.so/Mero-USD-Staking-2bdb4c14871c407bb4850905443f13de, https://www.notion.so/UwU-USD-Lending-69957c7a21a14c52afbcbd3a58288b8b, https://www.notion.so/Convex-USD-Market-Making-94fcc59cae104390b469f3216d26bcec, https://www.notion.so/Notional-USD-Market-Making-79447ce2475646adaa03d2cda563f701, https://www.notion.so/Gearbox-USD-Lending-9035bd5180414ff59f2cdd93c388736c, https://www.notion.so/Notional-USD-Fixed-Term-Lending-6-21-be5fc6a20b934aa3b5f98cf8aad16439, https://www.notion.so/Notional-USD-Fixed-Term-Lending-12-18-21a9e9470df249cd93501f15d4217cc6, https://www.notion.so/Sommelier-USD-Yield-18a24e1d0a69425ebb82b40425e48859, https://www.notion.so/Mero-USD-Staking-37f123f31bc14d9ebbcfa26f15dba858, https://www.notion.so/Yearn-USD-Market-Making-11b90fea148b442bb6851c4120b5b4e2, https://www.notion.so/Clipper-Tricrypto-Market-Making-7e0de2bb24024e5c9911d083a42ff43a, https://www.notion.so/Uniswap-ETH-USD-Market-Making-5bp-daa974c82bd8458393c2100084408978, https://www.notion.so/Uniswap-ETH-USD-Market-Making-30bp-0a4857865156426ab5e2558f503ed7c2, https://www.notion.so/Aave-USD-Lending-39fb9beed116426a8202a7c09216dfd9, https://www.notion.so/Across-USD-Bridging-cb4bc80359b64d3cb9134768113081ca, https://www.notion.so/Angle-USD-Lending-fcaa7f383dca4c40a29b01e8289e70a1, https://www.notion.so/Balancer-USD-Market-Making-0c1aad74957846edba3adaf48001d69d, https://www.notion.so/Convex-EUR-USD-Market-Making-1bdb08806d45478cbfa7d70b3a2364d9, https://www.notion.so/Convex-USD-Market-Making-ab104c85d1744f76aefa287673949cb6, https://www.notion.so/Convex-USD-Market-Making-0967fbca1a2f43e0842b39401aac316e, https://www.notion.so/Convex-USD-Market-Making-c567199bead44bc59b1fdf31d69df59b, https://www.notion.so/Curve-USD-Market-Making-8462c945b6064371a79c3a3408ab6fee, https://www.notion.so/Curve-USD-Market-Making-537ecc567bfd41c19904134c6f8606c3, https://www.notion.so/Curve-USD-Market-Making-e93e4bac4e814e1b90f5f23ffd09fee8, https://www.notion.so/Curve-USD-Market-Making-6dc3dc79bc024684b87422c0390192af, https://www.notion.so/Euler-USD-Lending-94cf7562719a4fd8a01aa281c26817c7, https://www.notion.so/Idle-USD-Lending-16d3c8338e0d49148816c4fbc5325fdb, https://www.notion.so/Morpho-Aave-USD-Lending-547601d687a34facb7a2a25ca757f882, https://www.notion.so/Morpho-Compound-USD-Lending-12de7880986c45298f7c476b931d316d, https://www.notion.so/Notional-USD-Fixed-Term-Lending-3-23-6e8313c6a0c64901a466018d5c6e2323, https://www.notion.so/Sturdy-USD-Lending-8a0111f9d74541a7b93fdd27dc643e2a, https://www.notion.so/Tokemak-USD-Market-Making-278705cf85734ae898ac4d5c45f69313, https://www.notion.so/Yearn-USD-Market-Making-d6740339d9a448bc880d291290625792, https://www.notion.so/Yearn-USD-Staking-f8502b80bde341b89494b0bada03b385, https://www.notion.so/Yearn-USD-Market-Making-5b592a20fb6542b7ab0c5145c07d924b, https://www.notion.so/Yearn-USD-Lending-378a1fe74ae24a6f831cf9b34e692672",Dai Stablecoin,DAI,Good,https://www.notion.so/Ethereum-c79d5959d3b0408b83e8d341fd6b60ac
"https://www.notion.so/Curve-USD-Market-Making-a0f99bf1384d4d9fbfffc908f99a4f13, https://www.notion.so/Yearn-USD-Market-Making-39814a7f77d545e689b51e2f79217c4a",Iron Bank (Yearn) Dai Stablecoin,cyDAI,Good,https://www.notion.so/Ethereum-c79d5959d3b0408b83e8d341fd6b60ac
https://www.notion.so/Curve-USD-Market-Making-a883dd95ad154f45a44207755e952d82,Aave Avalanche Market Dai,aDAI,Good,https://www.notion.so/Avalanche-b9e965600817456ca2fb67c6cc74feb0
"https://www.notion.so/Gains-USD-Market-Making-fe34d3bf5866437c9837e8370d84f8ed, https://www.notion.so/Uniswap-ETH-USD-Market-Making-86a753aeecfd4291a5d56068e0f9b8d6, https://www.notion.so/Radiant-USD-Lending-dfea0a6bbf124e46ac03e1047a85758a, https://www.notion.so/3xcaliSwap-USD-Market-Making-c2de793ab5194f3dbaa04f83bd7cf5af",Dai Stablecoin (Arbitrum),DAI,Good,https://www.notion.so/Arbitrum-f8d5cdab8d004f53abeec9c660867a64
"https://www.notion.so/Gains-USD-Market-Making-67b322d60e87486cb852caa4c54107b1, https://www.notion.so/Synapse-USD-Market-Making-f859a5f6d25042359e15bee604f210da, https://www.notion.so/Clipper-Tricrypto-MATIC-Market-Making-ef19e460d97c4a58a2366e9a7d7eed8f, https://www.notion.so/Beefy-Tricrypto-Market-Making-8c6b5810b65540189dd8b7f7edb326a4, https://www.notion.so/Balancer-USD-Market-Making-cc0b13a6388e4c29a374df4f1c67eee3, https://www.notion.so/Beefy-EUR-USD-Market-Making-3a89655bb4f64fabb12343535839048d, https://www.notion.so/KyberSwap-USD-Market-Making-a331674f6f96412186709644a944aef6, https://www.notion.so/0VIX-USD-Lending-bf39d51aeeb84bcf8764daee9cac0e6e, https://www.notion.so/Uniswap-USD-Market-Making-5f025432a6f54c8381a2034c73761357",Dai Stablecoin (PoS Polygon),DAI,Good,https://www.notion.so/Polygon-7674f8d92d2b405d854a758c7d3ec4fa
https://www.notion.so/Beethoven-USD-Market-Making-01d06239478d424c8a1640d198871ef0,DEI,DEI,Watch Out,https://www.notion.so/Fantom-5c7c8e52ab29487bba272e685a020f5e
"https://www.notion.so/DeFiChain-BTC-DFI-Market-Making-2ac6a2784853481cbf482439b6ea0974, https://www.notion.so/DeFiChain-ETH-DFI-Market-Making-1b44bd09f0494624a67ae787f7f2ce8f, https://www.notion.so/DeFiChain-DFI-USD-Market-Making-8c3e56df8d96418fa75b1573289147d0, https://www.notion.so/DeFiChain-DFI-USD-Market-Making-a7b66376dead4c288db2f6214aa38ccf, https://www.notion.so/DeFiChain-DFI-USD-Market-Making-e95494ab283b43638ca87d79ed273f78",DeFiChain,DFI,Best,https://www.notion.so/DeFiChain-4190c34f5f8e498380040b2808751198
"https://www.notion.so/DeFiChain-USD-Market-Making-da1d3f809e0d492fbc36b9f2b8ecb732, https://www.notion.so/DeFiChain-USD-Market-Making-18f47f6cf3d34b0ebd36c9591bb401cd, https://www.notion.so/DeFiChain-DFI-USD-Market-Making-e95494ab283b43638ca87d79ed273f78",Decentralized USD,DUSD,Watch Out,https://www.notion.so/DeFiChain-4190c34f5f8e498380040b2808751198
,dYdX,DYDX,Best,https://www.notion.so/Ethereum-c79d5959d3b0408b83e8d341fd6b60ac
https://www.notion.so/Uniswap-ETH-ENS-Market-Making-1a55bb97a26048fbb06de01a877d5224,Ethereum Name Service,ENS,Good,https://www.notion.so/Ethereum-c79d5959d3b0408b83e8d341fd6b60ac
https://www.notion.so/Sonne-ETH-Lending-552c84e64adc4a12b11b0710a552595e,Wrapped Ether (Optimism),WETH,Best,https://www.notion.so/Optimism-bc636b25a65b4524ac249b8e626cad75
https://www.notion.so/AutoFarm-ETH-CRO-Market-Making-7d84f1cd6a9c491a8dfe1e0daf436ef3,Wrapped Ether (Cronos),WETH,Good,https://www.notion.so/Cronos-28f01dd1f51341d4aee928b88d26c498
"https://www.notion.so/Idle-ETH-Perpetual-Yield-Tranches-Senior-943a78de18564563a316f371e81c811b, https://www.notion.so/Yearn-ETH-Market-Making-13d918e565d044d48f33a11d33376484, https://www.notion.so/Pendle-ETH-Principal-Token-3-29-e8033cad82244b2992628ea0a36ccf92, https://www.notion.so/Pendle-ETH-Yield-Token-6-28-e8f042b6c0bf4efab8824ac84acf82b8, https://www.notion.so/Pendle-ETH-Market-Making-3-29-5943e072f0234f2289301df48fc04b01, https://www.notion.so/Pendle-ETH-Market-Making-6-28-f576cbb41cf54c7bbe3ae9ca2e6b79ae, https://www.notion.so/Pendle-ETH-Yield-Token-3-29-3af526d71ca24723abb52f0d5d0a981a, https://www.notion.so/Idle-ETH-Perpetual-Yield-Tranches-Junior-0349d0e4c245412abb85e69290805295, https://www.notion.so/StakeDAO-ETH-Market-Making-282926e5b71c4fcbb178163b7f98bf28, https://www.notion.so/Convex-ETH-Market-Making-548d86c76c8c4134b702118825c7bd29, https://www.notion.so/Pendle-ETH-Principal-Token-6-28-c3c60d79b53146bc8d3baa9b71c76bfb",Lido Staked ETH,stETH,Best,https://www.notion.so/Ethereum-c79d5959d3b0408b83e8d341fd6b60ac
https://www.notion.so/DeFiChain-ETH-DFI-Market-Making-1b44bd09f0494624a67ae787f7f2ce8f,DeFiChain Ether,dETH,Good,https://www.notion.so/DeFiChain-4190c34f5f8e498380040b2808751198
"https://www.notion.so/cBridge-ETH-Optimism-f6dca79b215243b29bef24e4256cfb05, https://www.notion.so/KyberSwap-ETH-Market-Making-554021e69f1d4d20983b7c408670907a, https://www.notion.so/Beethoven-ETH-Market-Making-e40bcbca0ff84622bb894183ceaf4856, https://www.notion.so/Reaper-Farm-ETH-Lending-71138ea151e04978a7fcde20df009a63, https://www.notion.so/Synapse-ETH-Market-Making-a0072ffdfeb24e429af2db7fb4defc50, https://www.notion.so/Clipper-Tricrypto-LINK-OP-Market-Making-72f493cf3cf84dbb97a576eb2f8613c0, https://www.notion.so/Uniswap-BTC-ETH-Market-Making-cfeb8faa6d8c422e83c13772dae6df5a, https://www.notion.so/Uniswap-ETH-USD-Market-Making-be7393fb43504ca78c740320c635cee9, https://www.notion.so/Uniswap-ETH-USD-Market-Making-8080b81c6ebd4a869a6c30f888469010, https://www.notion.so/Aave-ETH-Lending-0acb0de64e45457eb0765be55e87f095, https://www.notion.so/Yearn-ETH-Lending-815e8c9ec8274fddb8c540dde41ad027",Ether (Optimism),ETH,Best,https://www.notion.so/Optimism-bc636b25a65b4524ac249b8e626cad75
"https://www.notion.so/Beethoven-FTM-Tricrypto-Market-Making-bb4c41e61f83404089766bcd1c704dec, https://www.notion.so/Spookyswap-FTM-ETH-Market-Making-4bc9e5155ee342d39a6c3be85a0db7c4",Ether (Fantom),ETH,Best,https://www.notion.so/Fantom-5c7c8e52ab29487bba272e685a020f5e
"https://www.notion.so/Jones-Dao-ETH-Market-Making-0f8c3274f31b4303a9fa98b06f9feaa1, https://www.notion.so/Synapse-ETH-Market-Making-ab6d5b84497e42b0b259be768ac3c291, https://www.notion.so/Beefy-ETH-Market-Making-55bb21b00a9140fdadaa84ad4909cdfa, https://www.notion.so/Dopex-ETH-Weekly-Calls-689892fe4ca84551b9dc9271176ca00d, https://www.notion.so/Dopex-ETH-Monthly-Calls-1be91a24b3c542bebd929ee1532536ef, https://www.notion.so/Jones-Dao-ETH-Calls-2a94759f07ef4580a3c0fcbf24a20050, https://www.notion.so/Beefy-Tricrypto-Market-Making-fd14f08ed5fb4071a077e234d007eb91, https://www.notion.so/Balancer-Tricrypto-Market-Making-edad4fe8eacf4472a846eda067bff53b, https://www.notion.so/Beefy-Tricrypto-Market-Making-9348ac59ae594784a9fedd5f76e60c65, https://www.notion.so/RageTrade-Tricrypto-Market-Making-6af5484a10e84e97b9f13014100137cd, https://www.notion.so/Uniswap-BTC-ETH-30bp-Market-Making-de0ba1e115e04b6dafc3f03f7923df3e, https://www.notion.so/Uniswap-UMAMI-ETH-Market-Making-100bp-3d71882b28c942f7ac581d1512a17a12, https://www.notion.so/Uniswap-ETH-GMX-Market-Making-484489897c6d49c4ba0167edc999e60c, https://www.notion.so/Sushi-ETH-DPX-Market-Making-ce0516ec4c144c248f81fbc087366d42",Ether (Arbitrum),ETH,Best,https://www.notion.so/Arbitrum-f8d5cdab8d004f53abeec9c660867a64
"https://www.notion.so/PancakeSwap-BTC-ETH-Market-Making-7d0c2bd744634be39f258bce2d1f389f, https://www.notion.so/AutoFarm-ETH-BNB-Market-Making-59756717cfc949ba951bf62debea5665, https://www.notion.so/cBridge-ETH-BNB-Chain-329eb022c6084223adaf30afe7c30364, https://www.notion.so/Pancakeswap-BNB-ETH-Market-Making-d1fdbaae1e1e4e0da933e0526a73e07e, https://www.notion.so/Venus-ETH-Lending-9159b640e70d4a6facfdb26d082af173",Binance-Peg Ethereum Token,ETH,Good,https://www.notion.so/BNB-Chain-c98ffd928880485e871d933cc7ba0384
"https://www.notion.so/Euler-ETH-Lending-508461660faa42fc8f20c26fc53546af, https://www.notion.so/Balancer-ETH-Market-Making-a3cf467cb3424c73a7c2487fc25eadf6, https://www.notion.so/Balancer-ETH-Market-Making-6c2007d4ef5343b1b36031da2e587f43, https://www.notion.so/Lido-ETH-Staking-76e1138f73344224a44cbd87c292c4eb, https://www.notion.so/Rocket-Pool-ETH-Staking-6d002ef3cb3c4c898a6113bc57b2e9cc, https://www.notion.so/Yearn-ETH-Market-Making-13d918e565d044d48f33a11d33376484, https://www.notion.so/Coinbase-ETH-Staking-93178d0c9df341548a6512544cc951ec, https://www.notion.so/Curve-ETH-Market-Making-a7f155e548b0461db0e2e7fe659f8789, https://www.notion.so/Notional-ETH-Fixed-Term-Lending-3-23-24e0291390164d10a9084cd1af9ac351, https://www.notion.so/Notional-ETH-Fixed-Term-Lending-6-21-d479a82fb7aa4621bfdcdcff314778f9, https://www.notion.so/Notional-ETH-Market-Making-0dcea8c7c49b4beaabddd5abbc05d394, https://www.notion.so/Gearbox-ETH-Lending-c90a497399b1453abf43207c06eb14f9, https://www.notion.so/BendDAO-ETH-Lending-d5353f21ae2c45c684f6f38eada4ac8b, https://www.notion.so/Convex-ETH-Market-Making-b546005334a649e3bd5ddf8907f34720, https://www.notion.so/Uniswap-ETH-Market-Making-c947739867ee4836ae0bd045e2f781e0, https://www.notion.so/Yearn-ETH-Market-Making-74bfcee55f064a0185baa291799e592d, https://www.notion.so/Convex-ETH-Market-Making-85d223b59f0444c882a97a98d7939cff, https://www.notion.so/StakeDAO-ETH-Market-Making-282926e5b71c4fcbb178163b7f98bf28, https://www.notion.so/Yearn-ETH-Market-Making-6793a74cfbfe434b8b8793127ed50106, https://www.notion.so/Uniswap-ETH-Market-Making-22c69945082a495abc5b7d3354c30406, https://www.notion.so/Across-ETH-Bridging-f3d875b02f5c49fdb8d59ea21b31fac3, https://www.notion.so/Curve-ETH-Market-Making-28359b7a4ddc49259c459f2dc52b0d65, https://www.notion.so/Tokemak-ETH-Market-Making-77cd6edb56cd44eeaca5099d1d451e01, https://www.notion.so/Mero-ETH-Staking-b6a50aad50c848548469635fa929a1ab, https://www.notion.so/Ribbon-ETH-Calls-aeae7e2e8ea044fd9df4a06a7f3646ae, https://www.notion.so/Clipper-Tricrypto-Market-Making-7e0de2bb24024e5c9911d083a42ff43a, https://www.notion.so/Yearn-Tricrypto-Market-Making-2a046da84b9e4322898ae81135100278, https://www.notion.so/Curve-Tricrypto-Market-Making-5833acceac99451e98171487dc0bc9d4, https://www.notion.so/Sommelier-ETH-BTC-Trend-20fe0878125e40869b88e754a5c482b0, https://www.notion.so/Sommelier-ETH-BTC-Momentum-dc1007792a784ccab723ab0076d42e52, https://www.notion.so/Uniswap-BTC-ETH-5bp-Market-Making-806b4f6cd11a4579afe4a39de6bf87e4, https://www.notion.so/Balancer-BTC-ETH-Market-Making-43698178c5274b319a57ea2284227415, https://www.notion.so/Uniswap-ETH-OP-Market-Making-2b5c0abad3344a88bda4b6ac144f8be6, https://www.notion.so/Uniswap-ETH-LOOKS-Market-Making-1558792bcd684a40b84e5888492f9439, https://www.notion.so/Uniswap-ETH-ENS-Market-Making-1a55bb97a26048fbb06de01a877d5224, https://www.notion.so/Convex-ETH-CRV-Market-Making-bb0747c7004749c39023314afe7cd7d9, https://www.notion.so/Convex-ETH-CVX-Market-Making-4824f186448d4c869ea9cf54e1376d3b, https://www.notion.so/Yearn-CVX-ETH-Market-Making-772863406d894c7686b02e400348c03e, https://www.notion.so/Uniswap-ETH-UNI-Market-Making-906b5b3d771641b19a57103efe9da52f, https://www.notion.so/Yearn-CRV-ETH-Market-Making-82a946b18f6b48b98f6b7f58571b9986, https://www.notion.so/Aave-AAVE-ETH-Staking-56b26844758244a69ac8bd385136c4de, https://www.notion.so/Uniswap-ETH-USD-Market-Making-5bp-64e77b984de241418094291dbd98611e, https://www.notion.so/Uniswap-ETH-USD-Market-Making-5b907562ded34aa5b5b9631f0bcacb51, https://www.notion.so/Uniswap-ETH-USD-Market-Making-5bp-daa974c82bd8458393c2100084408978, https://www.notion.so/Uniswap-ETH-USD-Market-Making-7e8d7cc9ac0a44768cb93b28653e715f, https://www.notion.so/Uniswap-ETH-USD-Market-Making-30bp-0a4857865156426ab5e2558f503ed7c2, https://www.notion.so/PancakeSwap-ETH-USD-Market-Making-a96b949b61d34a49a6688f717e114c72, https://www.notion.so/Uniswap-ETH-USD-Market-Making-3bed3b1ff0ac4a379a6fc88053de5d87, https://www.notion.so/Aave-ETH-Lending-f879b6720f2c4cdb97834876b46cb79b, https://www.notion.so/Balancer-COMP-ETH-Market-Making-e9181d60939d45bf89d97b33966ba90e, https://www.notion.so/cBridge-ETH-Ethereum-9129ba9d3c03471b8286727eaca594aa, https://www.notion.so/Compound-ETH-Lending-3ce0319964724dda95429167c0b15ce1, https://www.notion.so/Convex-ETH-Market-Making-548d86c76c8c4134b702118825c7bd29, https://www.notion.so/Idle-ETH-Lending-70af823dea2b4b2cb64fad4d1dfc4395, https://www.notion.so/Morpho-Aave-ETH-Lending-24ce7ca7fbaa4c87b0988cfda6843d1a, https://www.notion.so/Morpho-Compound-ETH-Lending-9e8ed99f90614f409750209e40749795, https://www.notion.so/PancakeSwap-ETH-USD-Market-Making-61300316e6ce4ca5b7fc45277de1de6e, https://www.notion.so/PancakeSwap-BTC-ETH-Market-Making-636825805e9e42c489434d72ed09d059, https://www.notion.so/Uniswap-ETH-USD-Market-Making-30bp-b742251196384a3ba1553de42b1651bd, https://www.notion.so/Yearn-ETH-Staking-db6fb4890748471c9d1aa31bb24cbc14, https://www.notion.so/Yearn-ETH-Market-Making-e85aa83399c940e09a3b9fd04e960118",Ether,ETH,Best,https://www.notion.so/Ethereum-c79d5959d3b0408b83e8d341fd6b60ac
,Wrapped Ether (Avalanche),ETH,Best,https://www.notion.so/Avalanche-b9e965600817456ca2fb67c6cc74feb0
"https://www.notion.so/cBridge-ETH-Polygon-903124adb2764dcbb41cd453ae9c8adb, https://www.notion.so/Clipper-Tricrypto-MATIC-Market-Making-ef19e460d97c4a58a2366e9a7d7eed8f, https://www.notion.so/Balancer-Tricrypto-Market-Making-9e115ccbd19448798675a7a6237f46d9, https://www.notion.so/Beefy-Tricrypto-Market-Making-8c6b5810b65540189dd8b7f7edb326a4, https://www.notion.so/Uniswap-BTC-ETH-Market-Making-610572a8b23f418487180c35e66560f3, https://www.notion.so/KyberSwap-BTC-ETH-Market-Making-128ee471629f48dca2dc78ede4659df6, https://www.notion.so/Uniswap-ETH-MATIC-Market-Making-5ca9a69050304f8ba0dd0877855ed738, https://www.notion.so/Quickswap-MATIC-ETH-Market-Making-c680bc8427a34a9e904ff0184c25d58d, https://www.notion.so/Uniswap-ETH-USD-Market-Making-9e3d44563ba5416e88dc58c6084dbf4d, https://www.notion.so/QuickSwap-ETH-USD-Market-Making-1f7ffd5940a34208b298033370ad4d39",Wrapped Ether (PoS Polygon),ETH,Best,https://www.notion.so/Polygon-7674f8d92d2b405d854a758c7d3ec4fa
"https://www.notion.so/Raydium-SOL-ETH-Market-Making-c64c2082ee47418e94b39b36e9cb111d, https://www.notion.so/Raydium-SOL-ETH-Market-Making-d50d08e7cc8346379e82a4fd67342b97",Wrapped Ether (Wormhole Solana),ETH,Best,https://www.notion.so/Solana-022c24c585b842e8864b91dd63e37f5a
,Fei USD,FEI,Watch Out,https://www.notion.so/Ethereum-c79d5959d3b0408b83e8d341fd6b60ac
https://www.notion.so/Curve-FIDU-USD-Market-Making-80097f111843424cbbe9a4cde2a7c30e,Fidu,FIDU,Watch Out,https://www.notion.so/Ethereum-c79d5959d3b0408b83e8d341fd6b60ac
,Frax (Optimism),FRAX,Watch Out,https://www.notion.so/Optimism-bc636b25a65b4524ac249b8e626cad75
"https://www.notion.so/Convex-EUR-USD-Market-Making-2d49f8c3e7804548afb5c16167243c1d, https://www.notion.so/UwU-USD-Lending-2dc69ce9a56f43f09233fdee029ffa90, https://www.notion.so/Convex-USD-Market-Making-94fcc59cae104390b469f3216d26bcec, https://www.notion.so/Pendle-USDC-Principal-Token-3-29-9af18503e1cb4efca06ebe4812b66476, https://www.notion.so/Mero-USD-Staking-0bb3c24051554e779ef701c341be2416, https://www.notion.so/Pendle-USDC-Market-Making-3-29-53ff00f2b2684fc1b116e2a21f7516af, https://www.notion.so/Pendle-USDC-Yield-Token-3-29-c48eb672f5d140309917cfbaa124813f, https://www.notion.so/Llama-Airforce-FXS-Fee-Sharing-fb090af9b8f54c80b01ee703ca266ca1, https://www.notion.so/Curve-USD-Market-Making-537ecc567bfd41c19904134c6f8606c3, https://www.notion.so/Tokemak-USD-Market-Making-8b496dd1b98746318a6298b082da23f5",Frax (Ethereum),FRAX,Watch Out,https://www.notion.so/Ethereum-c79d5959d3b0408b83e8d341fd6b60ac
https://www.notion.so/Platypus-USD-Market-Making-72c9f47b8c764299a4a9462bf88e01bf,Frax (Avalanche),FRAX,Watch Out,https://www.notion.so/Avalanche-b9e965600817456ca2fb67c6cc74feb0
,Frax (Arbitrum),FRAX,Watch Out,https://www.notion.so/Arbitrum-f8d5cdab8d004f53abeec9c660867a64
"https://www.notion.so/Curve-ETH-Market-Making-a7f155e548b0461db0e2e7fe659f8789, https://www.notion.so/Frax-ETH-Staking-44896f5abed34a9ca90c08d0e4f0b0f6",Frax Ether,frxETH,Good,https://www.notion.so/Ethereum-c79d5959d3b0408b83e8d341fd6b60ac
https://www.notion.so/Yearn-FTM-Staking-a4f66b0d67e9412588fed1f8b7a6788c,Wrapped Fantom,WFTM,Best,https://www.notion.so/Fantom-5c7c8e52ab29487bba272e685a020f5e
"https://www.notion.so/Beefy-FTM-Staking-31c29302a5dc45199b4a2e164113f6f3, https://www.notion.so/Stader-FTM-Staking-798db6fa8bd147e787b9a84aff8c45fe, https://www.notion.so/Spookyswap-FTM-BOO-Market-Making-da7cf66f09d84ceda0e6c86fa95279eb, https://www.notion.so/Beethoven-FTM-Tricrypto-Market-Making-bb4c41e61f83404089766bcd1c704dec, https://www.notion.so/Beefy-AVAX-FTM-Market-Making-11c3944d9d4e4bec90dd031510617701, https://www.notion.so/Spookyswap-FTM-ETH-Market-Making-4bc9e5155ee342d39a6c3be85a0db7c4, https://www.notion.so/SpookySwap-FTM-USD-Market-Making-4e7e2b8e658e4e23a1126f5d92873b73, https://www.notion.so/Spookyswap-FTM-USD-Market-Making-2efe58e1bd5f4bdba849dbe11225b46b, https://www.notion.so/SpookySwap-FTM-USD-Market-Making-29d0daa3feb04ddf93a57f4575946af9, https://www.notion.so/SpookySwap-FTM-USD-Market-Making-77e23f470dd14d508ff7aa0d6ff1a4b9",Fantom,FTM,Best,https://www.notion.so/Fantom-5c7c8e52ab29487bba272e685a020f5e
,Wrapped FTT (Wormhole),FTT,Watch Out,https://www.notion.so/Solana-022c24c585b842e8864b91dd63e37f5a
,Convex FXS,cvxFXS,Watch Out,https://www.notion.so/Ethereum-c79d5959d3b0408b83e8d341fd6b60ac
"https://www.notion.so/Llama-Airforce-FXS-Fee-Sharing-fb090af9b8f54c80b01ee703ca266ca1, https://www.notion.so/StakeDAO-FXS-Staking-28f70aca4b94471a8f299f3bbd2306a2",Frax Share (Ethereum),FXS,Watch Out,https://www.notion.so/Ethereum-c79d5959d3b0408b83e8d341fd6b60ac
https://www.notion.so/GMX-AVAX-Tricrypto-Market-Making-11170c56506b42e598648d9d458d5545,GMX LP (Avalanche),GLP,Good,https://www.notion.so/Avalanche-b9e965600817456ca2fb67c6cc74feb0
https://www.notion.so/GMX-Crypto-Market-Making-65877b01b87741e28a59e7912d2a34d5,GMX LP (Arbitrum),GLP,Good,https://www.notion.so/Arbitrum-f8d5cdab8d004f53abeec9c660867a64
https://www.notion.so/Gains-GNS-Staking-33084a3449b64fb69263dfac498982c5,Gains Network,GNS,Best,https://www.notion.so/Polygon-7674f8d92d2b405d854a758c7d3ec4fa
,Gemini dollar,GUSD,Good,https://www.notion.so/Ethereum-c79d5959d3b0408b83e8d341fd6b60ac
,Illuvium,ILV,Good,https://www.notion.so/Ethereum-c79d5959d3b0408b83e8d341fd6b60ac
https://www.notion.so/Trader-Joe-Fee-Sharing-131193340c4f447294211c14e03d249b,Joe Token,JOE,Best,https://www.notion.so/Avalanche-b9e965600817456ca2fb67c6cc74feb0
"https://www.notion.so/stake-link-LINK-Staking-53b1cea73ef044be813fe1867abd4d20, https://www.notion.so/Yearn-LINK-Lending-eb9c0dd3bc8a403daaa0ea75246b1422",ChainLink Token (Ethereum),LINK,Best,https://www.notion.so/Ethereum-c79d5959d3b0408b83e8d341fd6b60ac
https://www.notion.so/Uniswap-LINK-ETH-Market-Making-30bp-c26ee7c17ec5405ea45aa48a385922df,ChainLink Token (Arbitrum),LINK,Best,https://www.notion.so/Arbitrum-f8d5cdab8d004f53abeec9c660867a64
https://www.notion.so/Beefy-USD-Market-Making-0f4b8d24b90848c3aae26a5832940a6c,LUSD Stablecoin (Optimism),LUSD,Good,https://www.notion.so/Optimism-bc636b25a65b4524ac249b8e626cad75
"https://www.notion.so/Liquity-USD-Stability-Pool-41dbf0f1bb884e26a37e5ed7ff0056e3, https://www.notion.so/Curve-USD-Market-Making-e4b30900f7ef4d79b68552e4283eaf17, https://www.notion.so/Yearn-USD-Market-Making-5b592a20fb6542b7ab0c5145c07d924b, https://www.notion.so/Yearn-LUSD-Staking-94c908ee124042a98af13cfa04b2492b",LUSD Stablecoin (Ethereum),LUSD,Good,https://www.notion.so/Ethereum-c79d5959d3b0408b83e8d341fd6b60ac
,Wrapped MATIC,WMATIC,Best,https://www.notion.so/Polygon-7674f8d92d2b405d854a758c7d3ec4fa
https://www.notion.so/KyberSwap-MATIC-Market-Making-36110997c77c4adc8fab4b76214688c8,Stader MaticX (Polygon),MATICX,Good,https://www.notion.so/Polygon-7674f8d92d2b405d854a758c7d3ec4fa
,Stader MaticX (Ethereum),MATICX,Good,https://www.notion.so/Ethereum-c79d5959d3b0408b83e8d341fd6b60ac
,MATIC (Fantom),MATIC,Best,https://www.notion.so/Fantom-5c7c8e52ab29487bba272e685a020f5e
"https://www.notion.so/Idle-MATIC-Perpetual-Yield-Tranches-Junior-5b3235d1b28a48a4807cb5c46777802f, https://www.notion.so/Idle-MATIC-Perpetual-Yield-Tranches-Senior-9b9ecfa6de014e5392a882d1a7f7ef91, https://www.notion.so/Stader-MATIC-Staking-70cd62bcc8484e1aa7107dbdbabf28c4, https://www.notion.so/Sommelier-MATIC-Portfolio-f5c86ba4ab744c74b2fa0f2d247d68c1",Matic Token (Ethereum),MATIC,Best,https://www.notion.so/Ethereum-c79d5959d3b0408b83e8d341fd6b60ac
"https://www.notion.so/SpookySwap-FTM-USD-Market-Making-77e23f470dd14d508ff7aa0d6ff1a4b9, https://www.notion.so/Abracadabra-USD-Market-Making-f71c639e6f73428fb0c937aebb3bc194",Magic Internet Money (Fantom),MIM,Good,https://www.notion.so/Fantom-5c7c8e52ab29487bba272e685a020f5e
"https://www.notion.so/Trader-Joe-AVAX-USD-Market-Making-90be208a12a84a1aae81da56efe2889e, https://www.notion.so/Trader-Joe-USD-Lending-fc472460c1b94d8cb9ae3d070003886c, https://www.notion.so/Platypus-USD-Market-Making-c3c8cc8aee8a466cb32f4657d34009ff",Magic Internet Money (Avalanche),MIM,Good,https://www.notion.so/Avalanche-b9e965600817456ca2fb67c6cc74feb0
"https://www.notion.so/Abracadabra-USD-Market-Making-45e1e35d601b474eaf770bec7881f036, https://www.notion.so/Beefy-USD-Market-Making-20c0bd79fc774fc2a38310669f473d6e, https://www.notion.so/3xcaliSwap-USD-Market-Making-eb7a61e82b154f1ca9bb7c34a24184bf",Magic Internet Money (Arbitrum),MIM,Good,https://www.notion.so/Arbitrum-f8d5cdab8d004f53abeec9c660867a64
"https://www.notion.so/Mero-USD-Staking-a2f8c6dcb9aa405f9a695355a4c2f790, https://www.notion.so/Mero-USD-Staking-2bdb4c14871c407bb4850905443f13de, https://www.notion.so/Mero-USD-Staking-37f123f31bc14d9ebbcfa26f15dba858, https://www.notion.so/Convex-USD-Market-Making-ab104c85d1744f76aefa287673949cb6, https://www.notion.so/Curve-USD-Market-Making-8462c945b6064371a79c3a3408ab6fee, https://www.notion.so/Yearn-USD-Market-Making-d6740339d9a448bc880d291290625792",Magic Internet Money (Ethereum),MIM,Good,https://www.notion.so/Ethereum-c79d5959d3b0408b83e8d341fd6b60ac
,miMATIC (Fantom),miMATIC,Good,https://www.notion.so/Fantom-5c7c8e52ab29487bba272e685a020f5e
"https://www.notion.so/Velodrome-EUR-USD-Market-Making-f0eba038d77e4cbaa1a57850471a9dc1, https://www.notion.so/KyberSwap-USD-Market-Making-2b343fa69aa7495da9f056d215912a27, https://www.notion.so/Beefy-USD-Market-Making-78ddc34e30e742aa9a6eb9743ec16ddd",Mai Stablecoin (Optimism),miMATIC,Good,https://www.notion.so/Optimism-bc636b25a65b4524ac249b8e626cad75
"https://www.notion.so/Beefy-USD-Market-Making-4b17060adfea48d1b77de24f1534e30c, https://www.notion.so/Beethoven-USD-Market-Making-fddfddcfc4b248909d242387c058c119",miMATIC (Avalanche),miMATIC,Good,https://www.notion.so/Avalanche-b9e965600817456ca2fb67c6cc74feb0
"https://www.notion.so/KyberSwap-USD-Market-Making-666349e95d7047a4a8df117067b384ec, https://www.notion.so/Balancer-USD-Market-Making-cc0b13a6388e4c29a374df4f1c67eee3, https://www.notion.so/Beefy-USD-Market-Making-6680887569d04ec9b8088b512de61bd1",miMATIC (PoS Polygon),miMATIC (PoS Polygon),Good,https://www.notion.so/Polygon-7674f8d92d2b405d854a758c7d3ec4fa
,Maker (Ethereum),MKR,Best,https://www.notion.so/Ethereum-c79d5959d3b0408b83e8d341fd6b60ac
https://www.notion.so/Mycelium-Crypto-Market-Making-1ea0da6b15364586bc71d5d2b1217fbb,Mycelium LP,MLP,Good,https://www.notion.so/Arbitrum-f8d5cdab8d004f53abeec9c660867a64
,Moremoney USD,MONEY,Good,https://www.notion.so/Avalanche-b9e965600817456ca2fb67c6cc74feb0
https://www.notion.so/Yearn-BTC-Market-Making-1bcf03cf242a47ac9c0fe20884130e3d,multiBTC,multiBTC,Best,https://www.notion.so/Ethereum-c79d5959d3b0408b83e8d341fd6b60ac
,mStable USD,mUSD,Good,https://www.notion.so/Ethereum-c79d5959d3b0408b83e8d341fd6b60ac
https://www.notion.so/Mycelium-MYC-Fee-Sharing-91b63538dca34a38825c87fb9ca27659,Mycelium,MYC,Best,https://www.notion.so/Arbitrum-f8d5cdab8d004f53abeec9c660867a64
,Synapse ETH (Avalanche),nETH,Good,https://www.notion.so/Avalanche-b9e965600817456ca2fb67c6cc74feb0
https://www.notion.so/Synapse-ETH-Market-Making-ab6d5b84497e42b0b259be768ac3c291,Synapse ETH (Arbitrum),nETH,Good,https://www.notion.so/Arbitrum-f8d5cdab8d004f53abeec9c660867a64
https://www.notion.so/Synapse-ETH-Market-Making-a0072ffdfeb24e429af2db7fb4defc50,Synapse ETH (Optimism),nETH,Good,https://www.notion.so/Optimism-bc636b25a65b4524ac249b8e626cad75
https://www.notion.so/Synapse-USD-Market-Making-768f33843ea743dfa04475ee7f4a62d8,Synapse USD (Arbitrum),nUSD,Good,https://www.notion.so/Arbitrum-f8d5cdab8d004f53abeec9c660867a64
https://www.notion.so/Synapse-USD-Market-Making-f859a5f6d25042359e15bee604f210da,Synapse USD (Polygon),nUSD,Good,https://www.notion.so/Polygon-7674f8d92d2b405d854a758c7d3ec4fa
https://www.notion.so/Synapse-USD-Market-Making-c111eabcda5a4c84b0ab5eb4d1a99c12,Synapse USD (BNB Chain),nUSD,Good,https://www.notion.so/BNB-Chain-c98ffd928880485e871d933cc7ba0384
https://www.notion.so/Synapse-USD-Market-Making-1da9adbacee64454852f5a77b0c5c8e4,Synapse USD (Optimism),nUSD,Good,https://www.notion.so/Optimism-bc636b25a65b4524ac249b8e626cad75
"https://www.notion.so/Synapse-ETH-Market-Making-317b029337034de895ba97ac5e38d6f3, https://www.notion.so/Synapse-USD-Market-Making-7eb27d3411fd49a3b464a1709db1f67c",Synapse USD (Avalanche),nUSD,Good,https://www.notion.so/Avalanche-b9e965600817456ca2fb67c6cc74feb0
,NXM,NXM,Good,https://www.notion.so/Ethereum-c79d5959d3b0408b83e8d341fd6b60ac
https://www.notion.so/Olympus-OHM-Fee-Sharing-e5cd346e25a84d1d99e10d1a0bf19035,Olympus,OHM,Watch Out,https://www.notion.so/Ethereum-c79d5959d3b0408b83e8d341fd6b60ac
,Governance OHM,gOHM,Watch Out,https://www.notion.so/Polygon-7674f8d92d2b405d854a758c7d3ec4fa
https://www.notion.so/Origin-Dollar-USD-Yield-8d3f61afacb44a5fac328acfc5a58e2e,Origin Dollar,OUSD,Good,https://www.notion.so/Ethereum-c79d5959d3b0408b83e8d341fd6b60ac
https://www.notion.so/Dopex-rDPX-Monthly-Calls-aa516a55929f483da476c5866c3132b7,Dopex Rebate Token,rDPX,Good,https://www.notion.so/Arbitrum-f8d5cdab8d004f53abeec9c660867a64
"https://www.notion.so/Beethoven-ETH-Market-Making-e40bcbca0ff84622bb894183ceaf4856, https://www.notion.so/Beethoven-OP-ETH-USD-Market-Making-6a72960473ea47c286147e3981f5cfe5",Rocket Pool ETH (Optimism),rETH,Good,https://www.notion.so/Optimism-bc636b25a65b4524ac249b8e626cad75
https://www.notion.so/Balancer-ETH-Market-Making-6c2007d4ef5343b1b36031da2e587f43,Rocket Pool ETH (Ethereum),rETH,Good,https://www.notion.so/Ethereum-c79d5959d3b0408b83e8d341fd6b60ac
,THORChain ETH.RUNE,RUNE,Good,https://www.notion.so/Ethereum-c79d5959d3b0408b83e8d341fd6b60ac
,SAND,SAND,Best,https://www.notion.so/Ethereum-c79d5959d3b0408b83e8d341fd6b60ac
https://www.notion.so/Curve-BTC-Market-Making-6e59fb7161c04f34b8619f2c334601ec,Synth BTC (Optimism),sBTC,Good,https://www.notion.so/Optimism-bc636b25a65b4524ac249b8e626cad75
"https://www.notion.so/Yearn-BTC-Market-Making-1bcf03cf242a47ac9c0fe20884130e3d, https://www.notion.so/Convex-BTC-Market-Making-84a0b2081f9d4931a52119f95c70eac0, https://www.notion.so/Badger-BTC-Market-Making-07362aa8af9b4618a87671dd79be786a",Synth BTC,sBTC,Good,https://www.notion.so/Ethereum-c79d5959d3b0408b83e8d341fd6b60ac
,Staked Frax Ether,sfrxETH,Good,https://www.notion.so/Ethereum-c79d5959d3b0408b83e8d341fd6b60ac
https://www.notion.so/Sonne-SNX-Lending-375280ceae8f455f8c60d8e4401837bc,Synthetix Network Token,SNX,Good,https://www.notion.so/Optimism-bc636b25a65b4524ac249b8e626cad75
,SOL (Fantom),SOL,Best,https://www.notion.so/Fantom-5c7c8e52ab29487bba272e685a020f5e
,Wrapped SOL (Wormhole Ethereum),WSOL,Best,https://www.notion.so/Ethereum-c79d5959d3b0408b83e8d341fd6b60ac
,Wrapped SOL (Wormhole Avalanche),SOL,Best,https://www.notion.so/Avalanche-b9e965600817456ca2fb67c6cc74feb0
,Wrapped SOL (Wormhole Polygon),SOL,Best,https://www.notion.so/Polygon-7674f8d92d2b405d854a758c7d3ec4fa
,SOL (Wormhole BNB Chain),SOL,Best,https://www.notion.so/BNB-Chain-c98ffd928880485e871d933cc7ba0384
https://www.notion.so/Abracadabra-SPELL-Fee-Sharing-c8568d1c4a2c4fbfb323d30bb6030048,Spell Token (Ethereum),SPELL,Good,https://www.notion.so/Ethereum-c79d5959d3b0408b83e8d341fd6b60ac
,Serum,SRM,Best,https://www.notion.so/Solana-022c24c585b842e8864b91dd63e37f5a
,Lido Staked MATIC (Ethereum),stMATIC,Good,https://www.notion.so/Ethereum-c79d5959d3b0408b83e8d341fd6b60ac
"https://www.notion.so/Aave-USD-Lending-db31611a96eb48c9a8e24b2d961769d2, https://www.notion.so/Convex-USD-Market-Making-0967fbca1a2f43e0842b39401aac316e, https://www.notion.so/Curve-USD-Market-Making-e93e4bac4e814e1b90f5f23ffd09fee8",Synth USD,sUSD,Good,https://www.notion.so/Ethereum-c79d5959d3b0408b83e8d341fd6b60ac
"https://www.notion.so/Lyra-BTC-Options-Market-Making-c54ef46c5d7244bda554183d484877b8, https://www.notion.so/Lyra-ETH-Options-Market-Making-c346aaf07f3d46fa8bfb0d3b6370f06e, https://www.notion.so/Aave-USD-Lending-208ea84c3efb433b86d829b6da2b1823, https://www.notion.so/Beefy-USD-Market-Making-78e170b4d3c54beb8a6a51ab0b53e1fa, https://www.notion.so/Beefy-USD-Market-Making-0b7e7bf2c62a4d9398dc9c500019fe89, https://www.notion.so/Sonne-USD-Lending-7fa693a5896645be98f79d79364ef6d4, https://www.notion.so/Yearn-USD-Lending-fe59cc86d7814aff97e98b16b2ad74b2",Synth USD (Optimism),sUSD,Good,https://www.notion.so/Optimism-bc636b25a65b4524ac249b8e626cad75
,Sushi Token (Ethereum),SUSHI,Good,https://www.notion.so/Ethereum-c79d5959d3b0408b83e8d341fd6b60ac
,TrueUSD (Ethereum),TUSD,Good,https://www.notion.so/Ethereum-c79d5959d3b0408b83e8d341fd6b60ac
,Uniswap (Arbitrum),UNI,Good,https://www.notion.so/Arbitrum-f8d5cdab8d004f53abeec9c660867a64
"https://www.notion.so/Uniswap-ETH-UNI-Market-Making-906b5b3d771641b19a57103efe9da52f, https://www.notion.so/Yearn-UNI-Lending-b4b1830f718d498ea782b21b874c399c",Uniswap (Ethereum),UNI,Good,https://www.notion.so/Ethereum-c79d5959d3b0408b83e8d341fd6b60ac
"https://www.notion.so/Trader-Joe-V2-USD-Market-Making-b737b3ac9c76475fb98705f9b8bb0de5, https://www.notion.so/Trader-Joe-V2-USD-Market-Making-04e48f565dfc47568aa6e4c3cae9cfbc, https://www.notion.so/Trader-Joe-V2-USD-Market-Making-f63cbad0b34c426aa8bdc2d8b44d3cfd, https://www.notion.so/Trader-Joe-AVAX-USD-Market-Making-610b4aecf9cc4b30a2e7998aabd1f3fb, https://www.notion.so/Benqi-USD-Lending-b21cd24be624428894607d9b02d91438, https://www.notion.so/Platypus-USD-Market-Making-e9e283ddf990464daaa02464f83f4297, https://www.notion.so/Platypus-USD-Market-Making-2194873c7c6a4d799f47de29c1359873, https://www.notion.so/Platypus-USD-Market-Making-c3c8cc8aee8a466cb32f4657d34009ff, https://www.notion.so/Platypus-USD-Market-Making-72c9f47b8c764299a4a9462bf88e01bf, https://www.notion.so/Trader-Joe-USD-Market-Making-82e42cccae744190836f733798872f56, https://www.notion.so/Trader-Joe-V2-USD-Market-Making-fbd53ffd1a5a4539a17cf287abff7f35",USD Coin (Native Avalanche),USDC,Good,https://www.notion.so/Avalanche-b9e965600817456ca2fb67c6cc74feb0
"https://www.notion.so/Lifinity-SOL-USDC-Market-Making-67e57b31c00e47e9b70c842072529898, https://www.notion.so/Lifinity-mSOL-USDC-Market-Making-c7b14b1ab2b445e8885777db30ccb0b2, https://www.notion.so/Lifinity-stSOL-USDC-Market-Making-218073a8f29e4c6483d30168ae6e2f60, https://www.notion.so/Raydium-SOL-USD-Market-Making-4d841533e6944062b3321780eebf7427, https://www.notion.so/Raydium-SOL-USD-Market-Making-a41b380e840f4062b470c6e92bfeafa4, https://www.notion.so/Raydium-SOL-USD-Market-Making-4c682ba651c64de7b47f48f6df78c41f, https://www.notion.so/Solend-USD-Lending-fa6aaa809d0c4ab18e287fb93b28c0f6",USD Coin (Native Solana),USDC,Good,https://www.notion.so/Solana-022c24c585b842e8864b91dd63e37f5a
"https://www.notion.so/Synapse-USD-Market-Making-c111eabcda5a4c84b0ab5eb4d1a99c12, https://www.notion.so/AutoFarm-USD-Market-Making-20add8411a1147f990e5be896a309ab1, https://www.notion.so/PancakeSwap-USDC-BUSD-Market-Making-957c56ef0974407285475602e22d9e19, https://www.notion.so/Wombat-USD-Market-Making-adbe748d0a12436ab1c688b8fc3e79f1, https://www.notion.so/Venus-USD-Lending-9817781997084757b5516b0dbb45a3b4",Binance-Peg USD Coin,USDC,Good,https://www.notion.so/BNB-Chain-c98ffd928880485e871d933cc7ba0384
,iearn USDC,yUSDC,Good,https://www.notion.so/Ethereum-c79d5959d3b0408b83e8d341fd6b60ac
"https://www.notion.so/Curve-USD-Market-Making-a883dd95ad154f45a44207755e952d82, https://www.notion.so/Curve-USD-Market-Making-9b5803272b5f4bb0be398caaea44cfad",Aave Matic Market USDC,amUSDC,Good,https://www.notion.so/Polygon-7674f8d92d2b405d854a758c7d3ec4fa
"https://www.notion.so/Sonne-USD-Lending-b158c246ba1540bab1343a4d75ef5a96, https://www.notion.so/Beefy-USD-Market-Making-d562b1b671194ccc8b296cc35ff3cc46, https://www.notion.so/KyberSwap-USD-Market-Making-2b343fa69aa7495da9f056d215912a27, https://www.notion.so/Reaper-Farm-USD-Lending-859eb766519e4656ac579fd99c375cc1, https://www.notion.so/Synapse-USD-Market-Making-1da9adbacee64454852f5a77b0c5c8e4, https://www.notion.so/Clipper-Tricrypto-LINK-OP-Market-Making-72f493cf3cf84dbb97a576eb2f8613c0, https://www.notion.so/Beethoven-Tricrypto-Market-Making-3580d5a14152427a9a09df1e7acd451c, https://www.notion.so/Beethoven-OP-ETH-USD-Market-Making-6a72960473ea47c286147e3981f5cfe5, https://www.notion.so/Uniswap-ETH-USD-Market-Making-be7393fb43504ca78c740320c635cee9, https://www.notion.so/Uniswap-OP-USD-Market-Making-57b41ceb40804e4887ef67a25d4fc6b3, https://www.notion.so/Aave-USD-Lending-e8636ef45eb94510ac6e354332997209, https://www.notion.so/Beefy-USD-Market-Making-78e170b4d3c54beb8a6a51ab0b53e1fa, https://www.notion.so/Beefy-USD-Market-Making-78ddc34e30e742aa9a6eb9743ec16ddd, https://www.notion.so/Beefy-USD-Market-Making-0b7e7bf2c62a4d9398dc9c500019fe89, https://www.notion.so/Beefy-USD-Market-Making-0f4b8d24b90848c3aae26a5832940a6c, https://www.notion.so/Beefy-USD-Market-Making-54dd5301ebc0484cbb6ec17510ba6ae2, https://www.notion.so/Curve-USD-Market-Making-f93f2a91cff543938b8e53ed52d52751, https://www.notion.so/Hop-USD-Bridging-ed19369095b944859f1115364ee20bcc, https://www.notion.so/KyberSwap-USD-Market-Making-551f1902809a4524977335ff3bb44d10, https://www.notion.so/KyberSwap-USD-Market-Making-f7335f6b4d4347b8819b9fc85ab89530, https://www.notion.so/PoolTogether-USD-Lending-6a3750780c5a47a8b2bfd42496366004, https://www.notion.so/Yearn-USD-Lending-5899922222964c4bba67c231cf958880",USD Coin (Optimism),USDC,Good,https://www.notion.so/Optimism-bc636b25a65b4524ac249b8e626cad75
,Aave interest bearing USDC,aUSDC,Good,https://www.notion.so/Ethereum-c79d5959d3b0408b83e8d341fd6b60ac
"https://www.notion.so/DeFiChain-USD-Market-Making-18f47f6cf3d34b0ebd36c9591bb401cd, https://www.notion.so/DeFiChain-DFI-USD-Market-Making-8c3e56df8d96418fa75b1573289147d0",DeFiChain USD Coin,dUSDC,Average,https://www.notion.so/DeFiChain-4190c34f5f8e498380040b2808751198
"https://www.notion.so/Curve-USD-Market-Making-a0f99bf1384d4d9fbfffc908f99a4f13, https://www.notion.so/Yearn-USD-Market-Making-39814a7f77d545e689b51e2f79217c4a",Iron Bank (Yearn) USD Coin,cyUSDC,Good,https://www.notion.so/Ethereum-c79d5959d3b0408b83e8d341fd6b60ac
,Aave Avalanche Market USDC,aUSDC,Good,https://www.notion.so/Avalanche-b9e965600817456ca2fb67c6cc74feb0
"https://www.notion.so/Uniswap-EUR-USD-Market-Making-2d05ae8e9a254b7f8fe5b08a90c6cfb2, https://www.notion.so/KyberSwap-USD-Market-Making-666349e95d7047a4a8df117067b384ec, https://www.notion.so/Synapse-USD-Market-Making-f859a5f6d25042359e15bee604f210da, https://www.notion.so/Clipper-Tricrypto-MATIC-Market-Making-ef19e460d97c4a58a2366e9a7d7eed8f, https://www.notion.so/Balancer-Tricrypto-Market-Making-9e115ccbd19448798675a7a6237f46d9, https://www.notion.so/Beefy-Tricrypto-Market-Making-8c6b5810b65540189dd8b7f7edb326a4, https://www.notion.so/Uniswap-ETH-USD-Market-Making-9e3d44563ba5416e88dc58c6084dbf4d, https://www.notion.so/QuickSwap-ETH-USD-Market-Making-1f7ffd5940a34208b298033370ad4d39, https://www.notion.so/Uniswap-BTC-USD-Market-Making-c8cd533427044ff894deecd1930c429e, https://www.notion.so/KyberSwap-MATIC-USD-Market-Making-6114653da3164124b4ab8d3a714d8964, https://www.notion.so/Quickswap-MATIC-USD-Market-Making-e78ebe73bf694f25bba7b8cdb78ef039, https://www.notion.so/Balancer-USD-Market-Making-cc0b13a6388e4c29a374df4f1c67eee3, https://www.notion.so/Beefy-USD-Market-Making-6680887569d04ec9b8088b512de61bd1, https://www.notion.so/Beefy-EUR-USD-Market-Making-3a89655bb4f64fabb12343535839048d, https://www.notion.so/Clearpool-Auros-USD-Lending-e9deff51dc3e403d86f0241c9b8ab517, https://www.notion.so/KyberSwap-USD-Market-Making-fa23162ffcb04eacb453b04c4b7c6157, https://www.notion.so/KyberSwap-USD-Market-Making-a331674f6f96412186709644a944aef6, https://www.notion.so/Uniswap-USD-Market-Making-5f025432a6f54c8381a2034c73761357",USD Coin (PoS Polygon),USDC,Good,https://www.notion.so/Polygon-7674f8d92d2b405d854a758c7d3ec4fa
"https://www.notion.so/Beethoven-FTM-Tricrypto-Market-Making-bb4c41e61f83404089766bcd1c704dec, https://www.notion.so/Spookyswap-FTM-USD-Market-Making-2efe58e1bd5f4bdba849dbe11225b46b, https://www.notion.so/Abracadabra-USD-Market-Making-f71c639e6f73428fb0c937aebb3bc194, https://www.notion.so/Beethoven-USD-Market-Making-fb6c2cb47e2e419eb83eb2e501c17400, https://www.notion.so/Beethoven-USD-Market-Making-fddfddcfc4b248909d242387c058c119, https://www.notion.so/Stargate-USD-Bridging-ca1670af0078492d86eb9e013b721db1",USD Coin (Fantom),USDC,Good,https://www.notion.so/Fantom-5c7c8e52ab29487bba272e685a020f5e
,Compound USD Coin,cUSDC,Good,https://www.notion.so/Ethereum-c79d5959d3b0408b83e8d341fd6b60ac
,USD Coin (Waves),USDC,Good,https://www.notion.so/Waves-203abacf2655434d82c5427a3d94d7c3
"https://www.notion.so/WOOFi-USD-Staking-3f5547c35d1e47989d2156682eedfa26, https://www.notion.so/Synapse-USD-Market-Making-768f33843ea743dfa04475ee7f4a62d8, https://www.notion.so/Dopex-ETH-Short-Straddle-e314a161f3e341bd87074c9c241ffd1f, https://www.notion.so/Balancer-Tricrypto-Market-Making-edad4fe8eacf4472a846eda067bff53b, https://www.notion.so/Beefy-Tricrypto-Market-Making-9348ac59ae594784a9fedd5f76e60c65, https://www.notion.so/Uniswap-GMX-USD-Market-Making-8a4096d8fc60455e83e71a55e311c0a8, https://www.notion.so/Uniswap-ETH-USD-Market-Making-5bp-e29f5934877e403784ba421edaf4211b, https://www.notion.so/Uniswap-ETH-USD-Market-Making-30bp-2a3c51fb13414628bc800a41f845db40, https://www.notion.so/Uniswap-GMX-USD-Market-Making-1bp-1c7573d44b57408ca1b7c81a2518a28e, https://www.notion.so/Abracadabra-USD-Market-Making-45e1e35d601b474eaf770bec7881f036, https://www.notion.so/Beefy-USD-Market-Making-20c0bd79fc774fc2a38310669f473d6e, https://www.notion.so/Dopex-BTC-Weekly-Puts-ade46d10ba434315957f8e10aad5158c, https://www.notion.so/Radiant-USD-Lending-7e769d86bcae4eeabf38434c93392d74, https://www.notion.so/RageTrade-USD-Lending-67116785b931468dbe36bedcd5f9c197, https://www.notion.so/3xcaliSwap-USD-Market-Making-a06442016b834a0aa01c36240cdbfdc2, https://www.notion.so/3xcaliSwap-USD-Market-Making-eb7a61e82b154f1ca9bb7c34a24184bf, https://www.notion.so/3xcaliSwap-USD-Market-Making-3a2e669008ca4e71bde4a4d60779d918, https://www.notion.so/3xcaliSwap-USD-Market-Making-c2de793ab5194f3dbaa04f83bd7cf5af",USD Coin (Arbitrum),USDC,Good,https://www.notion.so/Arbitrum-f8d5cdab8d004f53abeec9c660867a64
https://www.notion.so/VVS-USD-Market-Making-00695850c8364e87aa6d087369e0b948,USD Coin (Cronos),USDC,Good,https://www.notion.so/Cronos-28f01dd1f51341d4aee928b88d26c498
"https://www.notion.so/Sturdy-USD-Lending-1a98c7e9535f4814bf400b33af7bf229, https://www.notion.so/Convex-EUR-USD-Market-Making-2d49f8c3e7804548afb5c16167243c1d, https://www.notion.so/Mero-USD-Staking-a2f8c6dcb9aa405f9a695355a4c2f790, https://www.notion.so/Mero-USD-Staking-2bdb4c14871c407bb4850905443f13de, https://www.notion.so/Convex-USD-Market-Making-94fcc59cae104390b469f3216d26bcec, https://www.notion.so/Pendle-USDC-Principal-Token-3-29-9af18503e1cb4efca06ebe4812b66476, https://www.notion.so/Mero-USD-Staking-0bb3c24051554e779ef701c341be2416, https://www.notion.so/Curve-FIDU-USD-Market-Making-80097f111843424cbbe9a4cde2a7c30e, https://www.notion.so/Pendle-USDC-Market-Making-3-29-53ff00f2b2684fc1b116e2a21f7516af, https://www.notion.so/Notional-USD-Market-Making-7d5de4201abd44ac9183b8b60cdabf4c, https://www.notion.so/Notional-USD-Fixed-Term-Lending-12-18-d1c5a803c4a2487baa04f8d6650d6452, https://www.notion.so/Pendle-USDC-Yield-Token-3-29-c48eb672f5d140309917cfbaa124813f, https://www.notion.so/Sommelier-USD-Yield-18a24e1d0a69425ebb82b40425e48859, https://www.notion.so/Mero-USD-Staking-37f123f31bc14d9ebbcfa26f15dba858, https://www.notion.so/Beethoven-USD-Market-Making-01d06239478d424c8a1640d198871ef0, https://www.notion.so/Yearn-USD-Market-Making-11b90fea148b442bb6851c4120b5b4e2, https://www.notion.so/Goldfinch-USD-Lending-aca4d07d4ee248058f264b6d9e10db35, https://www.notion.so/Sherlock-USD-Staking-7088028542384ee09cd8a70cb8e2ef59, https://www.notion.so/Sommelier-MATIC-Portfolio-f5c86ba4ab744c74b2fa0f2d247d68c1, https://www.notion.so/Dopex-ETH-Weekly-Puts-fb48ca9bf26b4b5f90d9ff13ea38e32e, https://www.notion.so/Ribbon-ETH-Puts-bae978910b5c4b6a953c30d512978d35, https://www.notion.so/Clipper-Tricrypto-Market-Making-7e0de2bb24024e5c9911d083a42ff43a, https://www.notion.so/Sommelier-ETH-BTC-Trend-20fe0878125e40869b88e754a5c482b0, https://www.notion.so/Sommelier-ETH-BTC-Momentum-dc1007792a784ccab723ab0076d42e52, https://www.notion.so/Uniswap-USDC-FOLD-Market-Making-1f618128dea64938ace45bf9551cbb1c, https://www.notion.so/Uniswap-ETH-USD-Market-Making-5bp-64e77b984de241418094291dbd98611e, https://www.notion.so/PancakeSwap-ETH-USD-Market-Making-a96b949b61d34a49a6688f717e114c72, https://www.notion.so/Uniswap-ETH-USD-Market-Making-3bed3b1ff0ac4a379a6fc88053de5d87, https://www.notion.so/Uniswap-BTC-USD-Market-Making-dcfe7026a19a440aaa561d12451ee9c4, https://www.notion.so/Aave-USD-Lending-5b10459b8887475fbfb48f7a85f8db81, https://www.notion.so/Across-USD-Bridging-8df7f886f7324117a2751dce254b2047, https://www.notion.so/Angle-USD-Lending-3710025eb51c468da66e04d1a52b4121, https://www.notion.so/Balancer-USD-Market-Making-0c1aad74957846edba3adaf48001d69d, https://www.notion.so/Compound-USD-Lending-9c7fd8ab23234fb38da6eaa2fbd6fae5, https://www.notion.so/Convex-EUR-USD-Market-Making-1bdb08806d45478cbfa7d70b3a2364d9, https://www.notion.so/Convex-USD-Market-Making-ab104c85d1744f76aefa287673949cb6, https://www.notion.so/Convex-USD-Market-Making-0967fbca1a2f43e0842b39401aac316e, https://www.notion.so/Convex-USD-Market-Making-c567199bead44bc59b1fdf31d69df59b, https://www.notion.so/Curve-USD-Market-Making-8462c945b6064371a79c3a3408ab6fee, https://www.notion.so/Curve-USD-Market-Making-537ecc567bfd41c19904134c6f8606c3, https://www.notion.so/Curve-USD-Market-Making-e93e4bac4e814e1b90f5f23ffd09fee8, https://www.notion.so/Curve-USD-Market-Making-6dc3dc79bc024684b87422c0390192af, https://www.notion.so/Euler-USD-Lending-518807eed55e4c788e7630d5f674b409, https://www.notion.so/Gearbox-USD-Lending-26188f19cdcd45248f6fb38d57908167, https://www.notion.so/Idle-USD-Lending-c976408ffa214a9db1918e66f75cab5f, https://www.notion.so/Morpho-Aave-USD-Lending-e4a76af986c84552b698ceb0d344da07, https://www.notion.so/Morpho-Compound-USD-Lending-ef100172ddd741669238f2bcfbdae4ef, https://www.notion.so/Notional-USD-Fixed-Term-Lending-6-21-eafe1fa66de44169ae7f03435ab89d43, https://www.notion.so/Notional-USD-Fixed-Term-Lending-3-23-9da1130f9e9348e3839b6c5eb9124fcc, https://www.notion.so/StakeDAO-USD-Lending-0d087c6575e1412e87ea164765938767, https://www.notion.so/Tokemak-USD-Market-Making-9220adc5635440d0aec44ab9170833e7, https://www.notion.so/Uniswap-ETH-USD-Market-Making-30bp-b742251196384a3ba1553de42b1651bd, https://www.notion.so/Yearn-USD-Market-Making-d6740339d9a448bc880d291290625792, https://www.notion.so/Yearn-USD-Staking-55ade29c6fd44b8c9a64e7b55481fc47, https://www.notion.so/Yearn-USD-Market-Making-5b592a20fb6542b7ab0c5145c07d924b",USD Coin (Ethereum),USDC,Good,https://www.notion.so/Ethereum-c79d5959d3b0408b83e8d341fd6b60ac
"https://www.notion.so/Synapse-USD-Market-Making-7eb27d3411fd49a3b464a1709db1f67c, https://www.notion.so/Beefy-Tricrypto-Market-Making-cfa19578ce734c98947ee51b4728920d, https://www.notion.so/Pangolin-AVAX-USD-Market-Making-429dfff315a044ef8f376ebdfeeb049a, https://www.notion.so/Trader-Joe-AVAX-USD-Market-Making-74b145757b1849cdaba89b12e9ffaf80, https://www.notion.so/Aave-USD-Lending-legacy-v2-ee52e01235554d74b812a22739ce90f8, https://www.notion.so/Aave-USD-Lending-7bd8051114b24d3a9a2d5758f5f9312c, https://www.notion.so/Trader-Joe-USD-Lending-d6b7f451907a40a593261c5910dc4a33, https://www.notion.so/Beefy-USD-Market-Making-4b17060adfea48d1b77de24f1534e30c, https://www.notion.so/Platypus-USD-Market-Making-2194873c7c6a4d799f47de29c1359873, https://www.notion.so/Trader-Joe-USD-Market-Making-82e42cccae744190836f733798872f56, https://www.notion.so/Trader-Joe-V2-USD-Market-Making-fbd53ffd1a5a4539a17cf287abff7f35",USD Coin Avalanche Bridged,USDC,Good,https://www.notion.so/Avalanche-b9e965600817456ca2fb67c6cc74feb0
https://www.notion.so/JustLend-USD-Lending-3352969424614893a03036f6ee8704f5,Decentralized USD,USDD,Watch Out,https://www.notion.so/Tron-67c9ecb9bfff422faae708550f9e3fd7
"https://www.notion.so/Yearn-USD-Market-Making-11b90fea148b442bb6851c4120b5b4e2, https://www.notion.so/Vires-USD-Lending-7ff8ceae877141bfb6aaa65bbf6719cd",Neutrino USD (Waves),USDN,Watch Out,https://www.notion.so/Waves-203abacf2655434d82c5427a3d94d7c3
https://www.notion.so/Overnight-USD-Staking-f36cce5b0af84744b3ce69c6079ad739,USD+,USD+,Good,https://www.notion.so/Optimism-bc636b25a65b4524ac249b8e626cad75
,iearn USDT,yUSDT,Average,https://www.notion.so/Ethereum-c79d5959d3b0408b83e8d341fd6b60ac
"https://www.notion.so/DeFiChain-USD-Market-Making-da1d3f809e0d492fbc36b9f2b8ecb732, https://www.notion.so/DeFiChain-DFI-USD-Market-Making-a7b66376dead4c288db2f6214aa38ccf",DeFiChain Tether USD,dUSDT,Average,https://www.notion.so/DeFiChain-4190c34f5f8e498380040b2808751198
,Aave interest bearing USDT,aUSDT,Average,https://www.notion.so/Ethereum-c79d5959d3b0408b83e8d341fd6b60ac
,Tether USD (Waves),USDT,Average,https://www.notion.so/Waves-203abacf2655434d82c5427a3d94d7c3
"https://www.notion.so/Curve-USD-Market-Making-a0f99bf1384d4d9fbfffc908f99a4f13, https://www.notion.so/Yearn-USD-Market-Making-39814a7f77d545e689b51e2f79217c4a",Iron Bank (Yearn) Tether USD,cyUSDT,Average,https://www.notion.so/Ethereum-c79d5959d3b0408b83e8d341fd6b60ac
,Compound USDT,cUSDT,Average,https://www.notion.so/Ethereum-c79d5959d3b0408b83e8d341fd6b60ac
"https://www.notion.so/Synapse-USD-Market-Making-c111eabcda5a4c84b0ab5eb4d1a99c12, https://www.notion.so/Biswap-BTC-USD-Market-Making-fa442764b49e4a58aa3815d79094bc29, https://www.notion.so/AutoFarm-USD-Market-Making-20add8411a1147f990e5be896a309ab1, https://www.notion.so/Venus-USD-Lending-3ff03a5224694f2e84ccc5482aa46828, https://www.notion.so/Wombat-USD-Market-Making-43070db9a9a94f83a024f1df413cb95a",Binance-Peg BSC-USD,USDT,Average,https://www.notion.so/BNB-Chain-c98ffd928880485e871d933cc7ba0384
https://www.notion.so/Curve-USD-Market-Making-a883dd95ad154f45a44207755e952d82,Aave Avalanche Market USDT,aUSDT,Average,https://www.notion.so/Avalanche-b9e965600817456ca2fb67c6cc74feb0
"https://www.notion.so/SpookySwap-FTM-USD-Market-Making-4e7e2b8e658e4e23a1126f5d92873b73, https://www.notion.so/Abracadabra-USD-Market-Making-f71c639e6f73428fb0c937aebb3bc194",Frapped USDT (Fantom),fUSDT,Average,https://www.notion.so/Fantom-5c7c8e52ab29487bba272e685a020f5e
"https://www.notion.so/Trader-Joe-V2-USD-Market-Making-b737b3ac9c76475fb98705f9b8bb0de5, https://www.notion.so/Synapse-USD-Market-Making-7eb27d3411fd49a3b464a1709db1f67c, https://www.notion.so/Beefy-Tricrypto-Market-Making-cfa19578ce734c98947ee51b4728920d, https://www.notion.so/Trader-Joe-AVAX-USD-Market-Making-9e1740b7f9314b22a4075d2a6935e277, https://www.notion.so/Aave-USD-Lending-41b5bcdf641e478faa845f2c7d5819fc, https://www.notion.so/Trader-Joe-USD-Lending-1c30b3c65bf4439dab0a1347cf1cc24b, https://www.notion.so/Beefy-USD-Market-Making-4b17060adfea48d1b77de24f1534e30c, https://www.notion.so/Platypus-USD-Market-Making-2194873c7c6a4d799f47de29c1359873, https://www.notion.so/Stargate-USD-Bridging-80b45a004fe5493f8169765848257dfa, https://www.notion.so/Trader-Joe-USD-Market-Making-765e1acafa304bc2a663beb4ab572d11",Tether USD (Avalanche),USDT.e,Average,https://www.notion.so/Avalanche-b9e965600817456ca2fb67c6cc74feb0
https://www.notion.so/VVS-USD-Market-Making-00695850c8364e87aa6d087369e0b948,Tether USD (Cronos),USDT,Average,https://www.notion.so/Cronos-28f01dd1f51341d4aee928b88d26c498
"https://www.notion.so/Trader-Joe-V2-USD-Market-Making-f63cbad0b34c426aa8bdc2d8b44d3cfd, https://www.notion.so/Trader-Joe-AVAX-USD-Market-Making-2f83fd77f8a648bb922acd65f53c0ad4, https://www.notion.so/Benqi-USD-Lending-c2e15f44eb4644358827d6df8645e683, https://www.notion.so/Platypus-USD-Market-Making-2194873c7c6a4d799f47de29c1359873, https://www.notion.so/Trader-Joe-USD-Market-Making-765e1acafa304bc2a663beb4ab572d11",Tether Token (native Avalanche),USDT,Average,https://www.notion.so/Avalanche-b9e965600817456ca2fb67c6cc74feb0
"https://www.notion.so/Sonne-USD-Lending-0d827fc382f44c0b841e56c7f6ee1063, https://www.notion.so/Reaper-Farm-USD-Lending-081235433ead4653b7b6cf292edf073e, https://www.notion.so/KyberSwap-USD-Market-Making-273060ea627944d3ae338b6e9078ec48, https://www.notion.so/Clipper-Tricrypto-LINK-OP-Market-Making-72f493cf3cf84dbb97a576eb2f8613c0, https://www.notion.so/Beethoven-Tricrypto-Market-Making-3580d5a14152427a9a09df1e7acd451c, https://www.notion.so/Beethoven-OP-ETH-USD-Market-Making-6a72960473ea47c286147e3981f5cfe5, https://www.notion.so/Beefy-USD-Market-Making-0b7e7bf2c62a4d9398dc9c500019fe89, https://www.notion.so/Curve-USD-Market-Making-f93f2a91cff543938b8e53ed52d52751, https://www.notion.so/Hop-USD-Bridging-71cb28d290074b31ac9f74218ce33b44, https://www.notion.so/KyberSwap-USD-Market-Making-f7335f6b4d4347b8819b9fc85ab89530",Tether USD (Optimism),USDT,Average,https://www.notion.so/Optimism-bc636b25a65b4524ac249b8e626cad75
"https://www.notion.so/Synapse-USD-Market-Making-f859a5f6d25042359e15bee604f210da, https://www.notion.so/Clipper-Tricrypto-MATIC-Market-Making-ef19e460d97c4a58a2366e9a7d7eed8f, https://www.notion.so/Beefy-Tricrypto-Market-Making-8c6b5810b65540189dd8b7f7edb326a4, https://www.notion.so/KyberSwap-MATIC-USD-Market-Making-681e6ba6c7b741578a6d0dc31c35e725, https://www.notion.so/Balancer-USD-Market-Making-cc0b13a6388e4c29a374df4f1c67eee3, https://www.notion.so/Beefy-EUR-USD-Market-Making-3a89655bb4f64fabb12343535839048d, https://www.notion.so/KyberSwap-USD-Market-Making-fa23162ffcb04eacb453b04c4b7c6157, https://www.notion.so/Stargate-USD-Bridging-32a1b0fe512f4d1ba557f79fffe91fd6",Tether USD (PoS Polygon),USDT,Average,https://www.notion.so/Polygon-7674f8d92d2b405d854a758c7d3ec4fa
"https://www.notion.so/Synapse-USD-Market-Making-768f33843ea743dfa04475ee7f4a62d8, https://www.notion.so/Beefy-Tricrypto-Market-Making-fd14f08ed5fb4071a077e234d007eb91, https://www.notion.so/RageTrade-Tricrypto-Market-Making-6af5484a10e84e97b9f13014100137cd, https://www.notion.so/Abracadabra-USD-Market-Making-45e1e35d601b474eaf770bec7881f036, https://www.notion.so/Beefy-USD-Market-Making-20c0bd79fc774fc2a38310669f473d6e, https://www.notion.so/Dopex-BTC-Weekly-Puts-ade46d10ba434315957f8e10aad5158c, https://www.notion.so/Radiant-USD-Lending-23344da4046d4429814dbb69d467a8fb, https://www.notion.so/Stargate-USD-Bridging-b5176523a98f4c99aa1acc19db367503, https://www.notion.so/3xcaliSwap-USD-Market-Making-3a2e669008ca4e71bde4a4d60779d918",Tether USD (Arbitrum),USDT,Average,https://www.notion.so/Arbitrum-f8d5cdab8d004f53abeec9c660867a64
"https://www.notion.so/Euler-USD-Lending-d4197abfb4cc4f37a7874f81155e7d83, https://www.notion.so/Mero-USD-Staking-a2f8c6dcb9aa405f9a695355a4c2f790, https://www.notion.so/Mero-USD-Staking-2bdb4c14871c407bb4850905443f13de, https://www.notion.so/UwU-USD-Lending-513f5d9a6725429cb65ef07a9a8788a7, https://www.notion.so/Convex-USD-Market-Making-94fcc59cae104390b469f3216d26bcec, https://www.notion.so/Sommelier-USD-Yield-18a24e1d0a69425ebb82b40425e48859, https://www.notion.so/Mero-USD-Staking-37f123f31bc14d9ebbcfa26f15dba858, https://www.notion.so/Yearn-USD-Market-Making-11b90fea148b442bb6851c4120b5b4e2, https://www.notion.so/Dopex-ETH-Weekly-Puts-fb48ca9bf26b4b5f90d9ff13ea38e32e, https://www.notion.so/Clipper-Tricrypto-Market-Making-7e0de2bb24024e5c9911d083a42ff43a, https://www.notion.so/Yearn-Tricrypto-Market-Making-2a046da84b9e4322898ae81135100278, https://www.notion.so/Curve-Tricrypto-Market-Making-5833acceac99451e98171487dc0bc9d4, https://www.notion.so/Uniswap-ETH-USD-Market-Making-5b907562ded34aa5b5b9631f0bcacb51, https://www.notion.so/Uniswap-ETH-USD-Market-Making-7e8d7cc9ac0a44768cb93b28653e715f, https://www.notion.so/Uniswap-BTC-USD-Market-Making-3f022d8af2a84162980037a6e92f54b2, https://www.notion.so/Aave-USD-Lending-f0925f15d6f04ec79d304ae4c5f4ed3d, https://www.notion.so/Balancer-USD-Market-Making-0c1aad74957846edba3adaf48001d69d, https://www.notion.so/Convex-EUR-USD-Market-Making-1bdb08806d45478cbfa7d70b3a2364d9, https://www.notion.so/Convex-USD-Market-Making-ab104c85d1744f76aefa287673949cb6, https://www.notion.so/Convex-USD-Market-Making-0967fbca1a2f43e0842b39401aac316e, https://www.notion.so/Convex-USD-Market-Making-c567199bead44bc59b1fdf31d69df59b, https://www.notion.so/Curve-USD-Market-Making-8462c945b6064371a79c3a3408ab6fee, https://www.notion.so/Curve-USD-Market-Making-537ecc567bfd41c19904134c6f8606c3, https://www.notion.so/Curve-USD-Market-Making-e93e4bac4e814e1b90f5f23ffd09fee8, https://www.notion.so/Curve-USD-Market-Making-6dc3dc79bc024684b87422c0390192af, https://www.notion.so/Idle-USD-Lending-89b7f14d819b4ab0b4d51128f99ab7d3, https://www.notion.so/Morpho-Aave-USD-Lending-63bd9e6903824b5caf03656699c73a7a, https://www.notion.so/Morpho-Compound-USD-Lending-7cca51868a9e48799f9ade69a90fe7ae, https://www.notion.so/PancakeSwap-ETH-USD-Market-Making-61300316e6ce4ca5b7fc45277de1de6e, https://www.notion.so/Sturdy-USD-Lending-919178ceb4e04f2e9763d112fbd60ce6, https://www.notion.so/TrueFi-USD-Lending-ba1fa24a1d4c4ce7a54ff207fe45b5a5, https://www.notion.so/Yearn-USD-Market-Making-d6740339d9a448bc880d291290625792, https://www.notion.so/Yearn-USD-Staking-db45ebb4be5f498aa4258db9d762ffce, https://www.notion.so/Yearn-USD-Market-Making-5b592a20fb6542b7ab0c5145c07d924b",Tether USD (Ethereum),USDT,Average,https://www.notion.so/Ethereum-c79d5959d3b0408b83e8d341fd6b60ac
"https://www.notion.so/Lifinity-SOL-USDT-Market-Making-400da2e9837f4266aedc5e6fa56fd710, https://www.notion.so/Raydium-SOL-USD-Market-Making-01994d063e464adbae9c3b3de515a0ae, https://www.notion.so/Raydium-SOL-USD-Market-Making-1b2431af32404871a601b0198a633756, https://www.notion.so/Solend-USD-Lending-b64dc0ea2de440c3abfaf7db2c34a445",Tether USD (Native Solana),USDT,Average,https://www.notion.so/Solana-022c24c585b842e8864b91dd63e37f5a
,yearn.finance,YFI,Best,https://www.notion.so/Ethereum-c79d5959d3b0408b83e8d341fd6b60ac
https://www.notion.so/Platypus-USD-Market-Making-e9e283ddf990464daaa02464f83f4297,YUSD Stablecoin,YUSD,Good,https://www.notion.so/Avalanche-b9e965600817456ca2fb67c6cc74feb0
https://www.notion.so/3xcaliSwap-USD-Market-Making-a06442016b834a0aa01c36240cdbfdc2,Stably USD,USDs,,
https://www.notion.so/Yearn-SNX-Lending-28e4971c5d3844688ceb5bc14cbf0e89,Synthetix,SNX,,
https://www.notion.so/Wombat-BNB-Market-Making-e5810d801f314d0d900d0d5199dfa710,Stader BNBx,BNBX,,
https://www.notion.so/Wombat-USD-Market-Making-fc7e5ba75ff141eeb50c1ea94a1e58ce,Hay,HAY,,
https://www.notion.so/UwU-SIFU-Lending-c449d51b2b7549c3abac97d3ee212966,Sifu Vision,SIFU,,
https://www.notion.so/Curve-USD-Market-Making-9b5803272b5f4bb0be398caaea44cfad,Aave Matic Market USDT,amUSDT,,
https://www.notion.so/Curve-USD-Market-Making-e65e8ab2ea394f1a964a2013df0c7311,Global Utility Smart Digital Token,GUSDT,,
https://www.notion.so/Curve-USD-Market-Making-e65e8ab2ea394f1a964a2013df0c7311,gUSDC,,,
https://www.notion.so/Curve-USD-Market-Making-e65e8ab2ea394f1a964a2013df0c7311,gDAI,,,
https://www.notion.so/Convex-EUR-Market-Making-5d929c8e318f42ad86d5325d4f962eb7,Celo Euro,CEUR,,
"https://www.notion.so/Convex-EUR-Market-Making-5d929c8e318f42ad86d5325d4f962eb7, https://www.notion.so/Convex-EUR-Market-Making-0e829a7c0ed44724a2145bcc61b0a918",Euro Coin,EUROC,,
"https://www.notion.so/Quarry-SOL-Market-Making-bb00ed4a85014c3f9d9feae4fc36ff29, https://www.notion.so/Lifinity-mSOL-USDC-Market-Making-c7b14b1ab2b445e8885777db30ccb0b2, https://www.notion.so/Raydium-SOL-USD-Market-Making-a41b380e840f4062b470c6e92bfeafa4, https://www.notion.so/Raydium-SOL-ETH-Market-Making-d50d08e7cc8346379e82a4fd67342b97",Marinade Staked SOL,MSOL,,
"https://www.notion.so/Saber-SOL-Market-Making-38b6cb7285e3480b9ce2bc63cfe27c27, https://www.notion.so/Solend-SOL-Lending-762d3955ed664f2799f848e48506c615, https://www.notion.so/Lifinity-stSOL-USDC-Market-Making-218073a8f29e4c6483d30168ae6e2f60, https://www.notion.so/Raydium-SOL-USD-Market-Making-4c682ba651c64de7b47f48f6df78c41f, https://www.notion.so/Raydium-SOL-USD-Market-Making-1b2431af32404871a601b0198a633756",Lido Staked SOL,stSOL,,
"https://www.notion.so/Convex-EUR-Market-Making-fec48d7f75ca4c07850d59ea893057a7, https://www.notion.so/Convex-EUR-Market-Making-b94093f7fe2842a8b9d8609e9befd700",Statis Euro,EURS,,
"https://www.notion.so/Convex-EUR-Market-Making-fec48d7f75ca4c07850d59ea893057a7, https://www.notion.so/Beefy-EUR-USD-Market-Making-3a89655bb4f64fabb12343535839048d, https://www.notion.so/Convex-EUR-USD-Market-Making-1bdb08806d45478cbfa7d70b3a2364d9, https://www.notion.so/Convex-EUR-Market-Making-b94093f7fe2842a8b9d8609e9befd700",Tether EURt,EURT,,
"https://www.notion.so/Beefy-ETH-Market-Making-55bb21b00a9140fdadaa84ad4909cdfa, https://www.notion.so/Beethoven-Tricrypto-Market-Making-3580d5a14152427a9a09df1e7acd451c, https://www.notion.so/KyberSwap-ETH-USD-Market-Making-7eb81f91a6ab424387421ab051cde3c9, https://www.notion.so/3xcaliSwap-ETH-Market-Making-abe91ce5ce8f4e03a56cd7446367839b",Lido  wstETH,WSTETH,,
"https://www.notion.so/WOOFi-ETH-Staking-87dfc0ce820845efb3074c5221a20308, https://www.notion.so/Beefy-Tricrypto-Market-Making-9348ac59ae594784a9fedd5f76e60c65, https://www.notion.so/Uniswap-GMX-ETH-Market-Making-ea87f2dfd2bd436b81d532aa511b30bf, https://www.notion.so/Uniswap-LINK-ETH-Market-Making-30bp-c26ee7c17ec5405ea45aa48a385922df, https://www.notion.so/Uniswap-ETH-USD-Market-Making-5bp-e29f5934877e403784ba421edaf4211b, https://www.notion.so/Uniswap-ETH-USD-Market-Making-86a753aeecfd4291a5d56068e0f9b8d6, https://www.notion.so/Uniswap-ETH-USD-Market-Making-30bp-2a3c51fb13414628bc800a41f845db40, https://www.notion.so/Radiant-ETH-Lending-a7ffa4d6a1f541488b95d70dc35fa7e2, https://www.notion.so/3xcaliSwap-ETH-Market-Making-abe91ce5ce8f4e03a56cd7446367839b",WETH,WETH,,
https://www.notion.so/Uniswap-ETH-Market-Making-c947739867ee4836ae0bd045e2f781e0,ETH 2x Flexible Leverage Index,ETH2X-FLI,,
"https://www.notion.so/Convex-ETH-Market-Making-b546005334a649e3bd5ddf8907f34720, https://www.notion.so/Yearn-ETH-Market-Making-74bfcee55f064a0185baa291799e592d, https://www.notion.so/Curve-ETH-Market-Making-28359b7a4ddc49259c459f2dc52b0d65",SETH,sETH,,
https://www.notion.so/Badger-BTC-Market-Making-07362aa8af9b4618a87671dd79be786a,Badger Interest Bearing Bitcoin,IBBTC,,
https://www.notion.so/Yearn-BTC-Market-Making-c8c8370dc3f241d09a1878cc509922a4,Huobi BTC,HBTC,,
https://www.notion.so/Uniswap-BTC-Market-Making-0b4cbb47e1624724b30ae015fef52b47,BTC Flexible Leverage Index,BTC2X-FLI,,
https://www.notion.so/Trader-Joe-V2-AVAX-Market-Making-a8f83621e1054360a33c4276541358f1,Wrapped AVAX,,,
https://www.notion.so/Clipper-Tricrypto-LINK-OP-Market-Making-72f493cf3cf84dbb97a576eb2f8613c0,ChainLink (Optimism),,,