pool_name,protocolo,assets,risk,yield,url
Uniswap ETH Market Making,https://www.notion.so/Uniswap-v3-5461faaf7fc343298b466a6ee71b9ff2,"https://www.notion.so/Coinbase-Wrapped-Staked-ETH-1dfae184eee1474da504942ddd079864, https://www.notion.so/Ether-083c480c6565470385190396104819ad",B,0.0637,https://exponential.fi/pools/11b1cee1-2018-4565-9efe-b5dec316a1ab
Dopex BTC Weekly Puts,https://www.notion.so/Dopex-d58f606c8000448a96ff46b9ce631bf0,"https://www.notion.so/USD-Coin-99cb8d868e2745c5b0f32d7a673f6919, https://www.notion.so/Tether-3b42c30d8b1f495db528f169e4365140",C,5.07732E+12,https://exponential.fi/pools/12a705a6-d686-4ddf-a033-b8113345b1d9
Dopex DPX Monthly Calls,https://www.notion.so/Dopex-7436cbba48d24c5ab0084651a4227c8e,https://www.notion.so/Dopex-Governance-Token-5f7d487165b1425bbe72ee941c74ab0d,B,45.2102,https://exponential.fi/pools/764c37f9-0a08-46ab-bedd-4f4b58410e8a
Sommelier ETH-BTC Momentum,https://www.notion.so/Sommelier-78ae2dc1e51d4e8aad48a1f33b17d072,"https://www.notion.so/Bitcoin-ee4e4ce2af3b4a53ac0eeace89084b16, https://www.notion.so/USD-55d38e87a3864cb884989777d6ed853c, https://www.notion.so/Ether-083c480c6565470385190396104819ad",C,3.456,https://exponential.fi/pools/333121a3-53c8-4100-bf02-6defed9e2d10
Sommelier ETH-BTC Trend,https://www.notion.so/Sommelier-78ae2dc1e51d4e8aad48a1f33b17d072,"https://www.notion.so/Bitcoin-ee4e4ce2af3b4a53ac0eeace89084b16, https://www.notion.so/USD-55d38e87a3864cb884989777d6ed853c, https://www.notion.so/Ether-083c480c6565470385190396104819ad",C,3.4347,https://exponential.fi/pools/04a5338b-d74c-4015-a591-d326aa6d4bc0
Pendle APE Yield Token (6/28),https://www.notion.so/Pendle-7cd317bcbc3943d0ab51853f9a8f048e,https://www.notion.so/APE-Coin-2d54301bde2e4d51b48eb953a444396d,C,3.169,https://exponential.fi/pools/6df01240-7f52-483f-9768-454ef56615e7
Dopex ETH Weekly Puts,https://www.notion.so/Dopex-7436cbba48d24c5ab0084651a4227c8e,"https://www.notion.so/USD-Coin-99cb8d868e2745c5b0f32d7a673f6919, https://www.notion.so/Tether-3b42c30d8b1f495db528f169e4365140",C,2.6621,https://exponential.fi/pools/3ef3d8cb-9841-43a0-a0f3-34fc6423ccb1
Pendle APE Market Making (6/28),https://www.notion.so/Pendle-7cd317bcbc3943d0ab51853f9a8f048e,https://www.notion.so/APE-Coin-2d54301bde2e4d51b48eb953a444396d,C,2.1373,https://exponential.fi/pools/8657eb9f-3624-4c8b-a584-02bf8a354c9e
Uniswap OP-USD Market Making,https://www.notion.so/Uniswap-v3-5461faaf7fc343298b466a6ee71b9ff2,"https://www.notion.so/Optimism-5af2ff956ea14d0bbf162c6c1199d7f2, https://www.notion.so/USD-Coin-99cb8d868e2745c5b0f32d7a673f6919",B,1.835,https://exponential.fi/pools/41b9692f-56f6-4044-9c12-6b4829655be6
Dopex ETH Short Straddle,https://www.notion.so/Dopex-d58f606c8000448a96ff46b9ce631bf0,https://www.notion.so/USD-Coin-99cb8d868e2745c5b0f32d7a673f6919,C,1.8521,https://exponential.fi/pools/eaa7be18-6047-451d-94fd-072f173ec207
Trader Joe AVAX-USD Market Making,https://www.notion.so/Trader-Joe-46defacf2d934594842bbb52d75bb6b9,"https://www.notion.so/Avalanche-1d59b00278c640f6871ccb48942099a6, https://www.notion.so/USD-Coin-99cb8d868e2745c5b0f32d7a673f6919",B,1.7829,https://exponential.fi/pools/753b9778-f799-4566-a56a-db5e08809cc5
Uniswap USDC-FOLD Market Making,https://www.notion.so/Uniswap-v3-5461faaf7fc343298b466a6ee71b9ff2,"https://www.notion.so/USD-Coin-99cb8d868e2745c5b0f32d7a673f6919, https://www.notion.so/Manifold-Finance-4fb29804f8484d278828b5edff5aeebe",B,1.5428,https://exponential.fi/pools/ae76271e-c260-4dc1-86db-c707a10699d8
Pendle APE Principal Token (6/28),https://www.notion.so/Pendle-7cd317bcbc3943d0ab51853f9a8f048e,https://www.notion.so/APE-Coin-2d54301bde2e4d51b48eb953a444396d,C,1.3904,https://exponential.fi/pools/123bb93a-5fab-4c82-bd72-5e35b7a15874
KyberSwap ETH-USD Market Making,https://www.notion.so/KyberSwap-afb9abc1379542e3875e4fe42ca7282e,"https://www.notion.so/DAI-6603c7691ef34b86b525a0ab383adc0c, https://www.notion.so/Wrapped-stETH-551469e62ada493e8fb24d255f3b2501",C,1.3214,https://exponential.fi/pools/0c50f64a-d7fe-4fc3-b5e0-f65381958767
Uniswap GMX-USD Market Making,https://www.notion.so/Uniswap-v3-5461faaf7fc343298b466a6ee71b9ff2,"https://www.notion.so/GMX-cf3ed67e645c4268934e904a1d17f1d3, https://www.notion.so/USD-Coin-99cb8d868e2745c5b0f32d7a673f6919",C,1.1825,https://exponential.fi/pools/473a4708-dff3-44e8-8998-146653bbcc57
Uniswap UMAMI-ETH Market Making 100bp,https://www.notion.so/Uniswap-v3-5461faaf7fc343298b466a6ee71b9ff2,"https://www.notion.so/UMAMI-aef8b4ed5f5e46aabb22334d5e05d5e0, https://www.notion.so/Ether-083c480c6565470385190396104819ad",C,1.1199,https://exponential.fi/pools/a9b41de6-54b4-4b57-b60f-ac1b2bbc9590
Ribbon AVAX Calls,https://www.notion.so/Ribbon-424e629c82704dd394518bda189fb634,https://www.notion.so/Benqi-Liquid-Staked-AVAX-6576b2eaa3004735bedd7994d8c4c2c7,C,1.0026,https://exponential.fi/pools/a148a919-d78c-463e-9240-f4cb21748ea9
Uniswap GMX-ETH Market Making,https://www.notion.so/Uniswap-v3-5461faaf7fc343298b466a6ee71b9ff2,"https://www.notion.so/GMX-cf3ed67e645c4268934e904a1d17f1d3, https://www.notion.so/Ether-083c480c6565470385190396104819ad",C,0.9968,https://exponential.fi/pools/023c7736-7844-4f49-8345-e46f1bd4b4a7
Uniswap ETH-OP Market Making,https://www.notion.so/Uniswap-v3-5461faaf7fc343298b466a6ee71b9ff2,"https://www.notion.so/Optimism-5af2ff956ea14d0bbf162c6c1199d7f2, https://www.notion.so/Ether-083c480c6565470385190396104819ad",B,0.9387,https://exponential.fi/pools/daf6d39f-c141-4c5c-91d7-62e9b2932239
Trader Joe AVAX-ETH Market Making,https://www.notion.so/Trader-Joe-46defacf2d934594842bbb52d75bb6b9,"https://www.notion.so/Wrapped-Ether-Avalanche-01314a9ad0664ec8b31e8b5b6264387a, https://www.notion.so/Avalanche-1d59b00278c640f6871ccb48942099a6",C,0.9273,https://exponential.fi/pools/c5bb110a-b4fd-43e0-918b-38554f730cd5
cBridge ETH Avalanche,https://www.notion.so/cBridge-f8315190f53d4661b8ab4615f97c40f3,https://www.notion.so/Wrapped-Ether-Avalanche-01314a9ad0664ec8b31e8b5b6264387a,C,0.7279,https://exponential.fi/pools/9022054f-7814-42d5-9611-ef46eb03fb7b
Uniswap GMX-USD Market Making 1bp,https://www.notion.so/Uniswap-v3-5461faaf7fc343298b466a6ee71b9ff2,"https://www.notion.so/GMX-cf3ed67e645c4268934e904a1d17f1d3, https://www.notion.so/USD-Coin-99cb8d868e2745c5b0f32d7a673f6919",C,0.8305,https://exponential.fi/pools/60ab3d8f-17d8-4a9b-ab3c-3c8801fe8825
Pendle LOOKS Yield Token (3/29),https://www.notion.so/Pendle-7cd317bcbc3943d0ab51853f9a8f048e,https://www.notion.so/LooksRare-Token-e9ade4c5dc054c268d633fefa6911676,C,0.7602,https://exponential.fi/pools/400b7588-4373-4cd3-b73c-afe74b407825
KyberSwap MATIC-USD Market Making,https://www.notion.so/KyberSwap-afb9abc1379542e3875e4fe42ca7282e,"https://www.notion.so/Tether-3b42c30d8b1f495db528f169e4365140, https://www.notion.so/Lido-Staked-MATIC-Polygon-6d4bdaf5af1445acb09b530ceccc2779",C,0.7634,https://exponential.fi/pools/f1582d05-8833-48fe-93b3-e9e8aa06d263
Llama Airforce BAL Staking,https://www.notion.so/Llama-Airforce-27e8eda2938146c1993640375ecdc72f,https://www.notion.so/Balancer-c1521b388a704320982661ea17de0be7,C,0.7306,https://exponential.fi/pools/5ba2b63d-8095-4522-8d95-430adf1a8622
Pendle USDC Yield Token (3/29),https://www.notion.so/Pendle-7cd317bcbc3943d0ab51853f9a8f048e,"https://www.notion.so/FRAX-69a9531686a045bbac068ed40619de56, https://www.notion.so/USD-Coin-99cb8d868e2745c5b0f32d7a673f6919",F,0.7075,https://exponential.fi/pools/464c039b-e7dc-4952-941f-b42c090733a7
cBridge ETH Polygon,https://www.notion.so/cBridge-f8315190f53d4661b8ab4615f97c40f3,https://www.notion.so/Wrapped-Ether-Ethereum-3ec990b5a34b43fbaea795cd372c42e2,C,0.6328,https://exponential.fi/pools/47a80d98-1afe-48b7-8752-5b93e410d8cc
KyberSwap MATIC-USD Market Making,https://www.notion.so/KyberSwap-afb9abc1379542e3875e4fe42ca7282e,"https://www.notion.so/USD-Coin-99cb8d868e2745c5b0f32d7a673f6919, https://www.notion.so/MATIC-e22993a7275f4e0788241f86bba81d15",C,0.6227,https://exponential.fi/pools/f5443e6e-dc76-4c24-bd13-9c06e4afde60
Lifinity SOL-USDC Market Making,https://www.notion.so/Lifinity-016af7659bf943daae0512b11acbf1fb,"https://www.notion.so/SOL-f8685a5af633437a90071cab4c6cf071, https://www.notion.so/USD-Coin-99cb8d868e2745c5b0f32d7a673f6919",C,0.6026,https://exponential.fi/pools/bf9e9235-0196-43c0-b540-2186e3020213
Uniswap ETH-LOOKS Market Making,https://www.notion.so/Uniswap-v3-5461faaf7fc343298b466a6ee71b9ff2,"https://www.notion.so/LooksRare-Token-e9ade4c5dc054c268d633fefa6911676, https://www.notion.so/Ether-083c480c6565470385190396104819ad",C,0.5649,https://exponential.fi/pools/7912528d-0932-418d-a5bf-cabe984f79b1
Uniswap ETH-USD Market Making 5bp,https://www.notion.so/Uniswap-v3-5461faaf7fc343298b466a6ee71b9ff2,"https://www.notion.so/Wrapped-Ether-Ethereum-3ec990b5a34b43fbaea795cd372c42e2, https://www.notion.so/USD-Coin-99cb8d868e2745c5b0f32d7a673f6919",B,0.5193,https://exponential.fi/pools/9256905d-6daa-4642-bf26-8ffe1b5c8c4a
Uniswap ETH-USD Market Making,https://www.notion.so/Uniswap-v3-5461faaf7fc343298b466a6ee71b9ff2,"https://www.notion.so/USD-Coin-99cb8d868e2745c5b0f32d7a673f6919, https://www.notion.so/Ether-083c480c6565470385190396104819ad",B,0.4657,https://exponential.fi/pools/e7c7ebaa-7b1b-415b-ac95-a1a8cc88a4d5
Yearn CRV Staking,https://www.notion.so/Yearn-34a1ee33e55f4ee7b3b9a204d8508119,https://www.notion.so/Convex-CRV-64f033ae25b04a36bac341af2556a959,B,0.455,https://exponential.fi/pools/26d90b37-5eb9-43f1-8911-4f812ef4c8fc
Uniswap ETH-USD Market Making 30bp,https://www.notion.so/Uniswap-v3-5461faaf7fc343298b466a6ee71b9ff2,"https://www.notion.so/Wrapped-Ether-Ethereum-3ec990b5a34b43fbaea795cd372c42e2, https://www.notion.so/USD-Coin-Arbitrum-ee19df9327cb4589a30303ab1ae833a0",B,0.3026,https://exponential.fi/pools/e3ce0f8f-6e94-4a37-8448-76fbd86b8690
Convex ETH-CRV Market Making,https://www.notion.so/Convex-910d63740ea849b08b340b81ea7c21af,"https://www.notion.so/Ether-083c480c6565470385190396104819ad, https://www.notion.so/Curve-DAO-Token-Ethereum-df950fa87eb44d85b26c1a0d26991e3f",B,0.2698,https://exponential.fi/pools/04a8693a-4042-44f6-9ad6-a489f0e01ce1
Convex cvxCRV-CRV Market Making,https://www.notion.so/Convex-910d63740ea849b08b340b81ea7c21af,"https://www.notion.so/Convex-CRV-64f033ae25b04a36bac341af2556a959, https://www.notion.so/Curve-DAO-Token-Ethereum-df950fa87eb44d85b26c1a0d26991e3f",B,0.2181,https://exponential.fi/pools/e8375639-835d-4fa8-b2e2-8c32660d26f5
Uniswap BTC-USD Market Making,https://www.notion.so/Uniswap-v3-5461faaf7fc343298b466a6ee71b9ff2,"https://www.notion.so/Wrapped-BTC-Ethereum-a8a21ace393f4b1da2af0172d9694b73, https://www.notion.so/USD-Coin-Ethereum-5543257d4f2348c1ac408501694c7316",B,0.157,https://exponential.fi/pools/a5857e7f-f6f6-47f4-8a54-60db3b7f89fb
Idle ETH Perpetual Yield Tranches (Junior),https://www.notion.so/Idle-a4567aed0b3d4d03b93d94b791240365,https://www.notion.so/Lido-Staked-ETH-bb04fee601b040d9864547d1a8676426,A,0.0836,https://exponential.fi/pools/c12dc06e-b36f-413e-9025-4024835093e9
Benqi AVAX Staking,https://www.notion.so/Bengi-Liquid-Staking-50937b2e887142cc95325a24e1187160,https://www.notion.so/Avalanche-1d59b00278c640f6871ccb48942099a6,B,0.0813,https://exponential.fi/pools/07e8bc10-2cdb-4ece-8a46-b9e26cd53a2d
Yearn ETH Market Making,https://www.notion.so/Yearn-34a1ee33e55f4ee7b3b9a204d8508119,"https://www.notion.so/Ether-083c480c6565470385190396104819ad, https://www.notion.so/Coinbase-Wrapped-Staked-ETH-1dfae184eee1474da504942ddd079864",B,0.0768,https://exponential.fi/pools/2abe5cc3-ed15-4218-b26e-7181e5de38c7
Uniswap BTC-ETH 5bp Market Making,https://www.notion.so/Uniswap-v3-5461faaf7fc343298b466a6ee71b9ff2,"https://www.notion.so/Wrapped-BTC-Ethereum-a8a21ace393f4b1da2af0172d9694b73, https://www.notion.so/Ether-083c480c6565470385190396104819ad",A,0.0749,https://exponential.fi/pools/c4e232c2-e66d-4ad2-a415-08339a124eaa
Aave AAVE Staking,https://www.notion.so/Aave-V3-3afbaf6e6d854b649ca8e999ed803e91,https://www.notion.so/Aave-Token-Ethereum-cc37c336d23f4d13a1091c978a2f9394,A,0.0686,https://exponential.fi/pools/20ee9804-a460-4dcc-9d0c-17aaf7a8920d
Lido SOL Staking,https://www.notion.so/Lido-798d6b54fe37419ba77ad8184aa58865,https://www.notion.so/SOL-f8685a5af633437a90071cab4c6cf071,A,0.0648,https://exponential.fi/pools/f511f507-3890-46b3-a2ac-7e7c0101f7a4
Notional USD Market Making,https://www.notion.so/Notional-18814d1f35b142dd9c41d1a88fef756d,https://www.notion.so/Dai-Stablecoin-376edb1ce3d942088af5c5ce4c802364,B,0.0628,https://exponential.fi/pools/79e497aa-1443-4302-842b-a06ba48c38cc
Sturdy USD Lending,https://www.notion.so/Sturdy-15df5cf5265f423d8ebf083a104a24f8,https://www.notion.so/USD-Coin-Ethereum-5543257d4f2348c1ac408501694c7316,B,0.0578,https://exponential.fi/pools/687eba60-1711-446e-b339-68440db50061
Lido ETH Staking,https://www.notion.so/Lido-798d6b54fe37419ba77ad8184aa58865,https://www.notion.so/Ether-083c480c6565470385190396104819ad,A,0.0493,https://exponential.fi/pools/bf2ee737-848b-4e3e-8125-f75cc8e4de53
Notional ETH Market Making,https://www.notion.so/Notional-18814d1f35b142dd9c41d1a88fef756d,https://www.notion.so/Ether-083c480c6565470385190396104819ad,B,0.0481,https://exponential.fi/pools/e72e76cc-8b3f-493d-ab9c-dc88ef21b450
Liquity USD Stability Pool,https://www.notion.so/Liquity-a879e8e0815447048accb0793ea63369,https://www.notion.so/LUSD-Stablecoin-Ethereum-b727ad5e1fb647e2908281c8bfd949a6,B,0.0306,https://exponential.fi/pools/bfdda293-d874-4e4c-ae0f-e4c2231f1b33
Idle ETH Perpetual Yield Tranches (Senior),https://www.notion.so/Idle-a4567aed0b3d4d03b93d94b791240365,https://www.notion.so/Lido-Staked-ETH-bb04fee601b040d9864547d1a8676426,A,0.0304,https://exponential.fi/pools/f214659b-422b-4b79-94f8-4124864292e9
Euler USD Lending,https://www.notion.so/Euler-a387e1ce165d4e02b428d4605d1d7ce6,https://www.notion.so/Tether-USD-Ethereum-0fd710520a85406d9575e4069fa27f0c,B,0.025,https://exponential.fi/pools/d78189c1-ffe5-48bf-9d83-ef5a86b72c1b
Euler ETH Lending,https://www.notion.so/Euler-a387e1ce165d4e02b428d4605d1d7ce6,https://www.notion.so/Ether-083c480c6565470385190396104819ad,B,0.0201,https://exponential.fi/pools/029ef1a9-6cc6-46a3-ad05-72f0b99730c0
Aave USD Lending,https://www.notion.so/Aave-V3-3afbaf6e6d854b649ca8e999ed803e91,https://www.notion.so/Synth-USD-0e11b81f7fd2428795ce2eb0e53019ee,B,0.0135,https://exponential.fi/pools/ebfddbce-d6fa-4867-99ae-a01d1d43c530
Euler ETH Lending,https://www.notion.so/Euler-a387e1ce165d4e02b428d4605d1d7ce6,https://www.notion.so/Coinbase-Wrapped-Staked-ETH-1dfae184eee1474da504942ddd079864,B,0.0022,https://exponential.fi/pools/d0b3dea8-678f-4c66-b979-a82f6dfd7e2a
Sommelier ETH-BTC Trend,https://www.notion.so/Sommelier-78ae2dc1e51d4e8aad48a1f33b17d072,"https://www.notion.so/Wrapped-BTC-Ethereum-a8a21ace393f4b1da2af0172d9694b73, https://www.notion.so/Ether-083c480c6565470385190396104819ad, https://www.notion.so/USD-Coin-Ethereum-5543257d4f2348c1ac408501694c7316",C,3.426,https://exponential.fi/pools/04a5338b-d74c-4015-a591-d326aa6d4bc0
Sommelier USD Yield,https://www.notion.so/Sommelier-78ae2dc1e51d4e8aad48a1f33b17d072,"https://www.notion.so/Tether-USD-Ethereum-0fd710520a85406d9575e4069fa27f0c, https://www.notion.so/USD-Coin-Ethereum-5543257d4f2348c1ac408501694c7316, https://www.notion.so/Dai-Stablecoin-376edb1ce3d942088af5c5ce4c802364",C,0.2755,https://exponential.fi/pools/dce67535-31ee-4d38-b30b-f90fb0eb9a8c
Sommelier MATIC Portfolio,https://www.notion.so/Sommelier-78ae2dc1e51d4e8aad48a1f33b17d072,"https://www.notion.so/Matic-Token-Ethereum-01baf2451bba47309baf4cdb5b19415f, https://www.notion.so/USD-Coin-Ethereum-5543257d4f2348c1ac408501694c7316",C,0.1898,https://exponential.fi/pools/0a6abcc5-378a-4ec0-926d-6da7c1d3aac9
Sonne USD Lending,https://www.notion.so/Sonne-6977324d67ea47b7bd579b99b7793ddd,https://www.notion.so/Dai-Stablecoin-Optimism-e1f800b120b64918a14bd49e952e0b66,C,0.0816,https://exponential.fi/pools/30a3a604-16e1-4361-892c-266e2abb0eed
Yearn ETH Market Making,https://www.notion.so/Yearn-34a1ee33e55f4ee7b3b9a204d8508119,"https://www.notion.so/Ether-083c480c6565470385190396104819ad, https://www.notion.so/Coinbase-Wrapped-Staked-ETH-1dfae184eee1474da504942ddd079864",B,0.0768,https://exponential.fi/pools/2abe5cc3-ed15-4218-b26e-7181e5de38c7
Sonne USD Lending,https://www.notion.so/Sonne-6977324d67ea47b7bd579b99b7793ddd,https://www.notion.so/Tether-USD-Optimism-08cb52b8fff64906bdfbdec9b9ef41bb,D,0.0582,https://exponential.fi/pools/f35ec5eb-c1d0-4102-a6a8-11a19080a885
stake.link LINK Staking,https://www.notion.so/State-link-f657e6dbf8134b7cbbef47d8aa20f9d8,https://www.notion.so/ChainLink-Token-Ethereum-82f42381a4b54f4090668176719bf929,C,0.054,https://exponential.fi/pools/7e9c822f-38ae-492b-a1d9-b0497dea993f
Sonne BTC Lending,https://www.notion.so/Sonne-6977324d67ea47b7bd579b99b7793ddd,https://www.notion.so/Wrapped-BTC-Optimism-d62e75786298497b88bf31e19e771af2,C,0.0505,https://exponential.fi/pools/9992fc08-5af2-4db7-b80d-861cfab6690e
Sonne USD Lending,https://www.notion.so/Sonne-6977324d67ea47b7bd579b99b7793ddd,https://www.notion.so/USD-Coin-Optimism-e9e478f29ca149308ac4e572c9d35921,C,0.0419,https://exponential.fi/pools/bf33ae20-a27b-4f06-a0dc-bfb8d3d7fde7
Sonne ETH Lending,https://www.notion.so/Sonne-6977324d67ea47b7bd579b99b7793ddd,https://www.notion.so/Wrapped-Ether-Optimism-352d8ee66f4d405e9219c450d3d9fc96,C,0.0338,https://exponential.fi/pools/6303d63b-9eae-4190-8354-28df98e0cb82
Euler ETH Lending,https://www.notion.so/Euler-a387e1ce165d4e02b428d4605d1d7ce6,https://www.notion.so/Coinbase-Wrapped-Staked-ETH-1dfae184eee1474da504942ddd079864,B,0.0022,https://exponential.fi/pools/d0b3dea8-678f-4c66-b979-a82f6dfd7e2a
Pendle USDC Yield Token (3/29),https://www.notion.so/Pendle-7cd317bcbc3943d0ab51853f9a8f048e,"https://www.notion.so/Frax-Ethereum-2c39cf8d821b4fefa9002a21a6b856da, https://www.notion.so/USD-Coin-Ethereum-5543257d4f2348c1ac408501694c7316",F,0.805,https://exponential.fi/pools/464c039b-e7dc-4952-941f-b42c090733a7
DeFiChain USD Market Making,https://www.notion.so/DeFiChain-Dex-482f16505a3542d1b1d115c0448424c3,"https://www.notion.so/DeFiChain-Tether-USD-0f75b765e2734cabb8636670fc0139e6, https://www.notion.so/Decentralized-USD-e768f69eee0c40f890b4e9ea2b3723af",F,0.2583,https://exponential.fi/pools/3fb0669b-4629-4ec6-bf15-6bf5331c40e4
Mero USD Staking,https://www.notion.so/Mero-9996705d15a440f39311594ce2b42bdf,"https://www.notion.so/Tether-USD-Ethereum-0fd710520a85406d9575e4069fa27f0c, https://www.notion.so/Magic-Internet-Money-Ethereum-07799e51635c40b39aff0e62364450b9, https://www.notion.so/USD-Coin-Ethereum-5543257d4f2348c1ac408501694c7316, https://www.notion.so/Dai-Stablecoin-376edb1ce3d942088af5c5ce4c802364",D,0.2407,https://exponential.fi/pools/3a5ae522-123e-4703-8822-b23c56db0bf4
DeFiChain USD Market Making,https://www.notion.so/DeFiChain-Dex-482f16505a3542d1b1d115c0448424c3,"https://www.notion.so/DeFiChain-USD-Coin-48b387ee6dcb42ab8eee154644a451be, https://www.notion.so/Decentralized-USD-e768f69eee0c40f890b4e9ea2b3723af",F,0.2388,https://exponential.fi/pools/37a2dd58-aa4f-47d3-9ac7-9097352d8c40
Yearn USD Market Making,https://www.notion.so/Yearn-34a1ee33e55f4ee7b3b9a204d8508119,"https://www.notion.so/Tether-USD-Ethereum-0fd710520a85406d9575e4069fa27f0c, https://www.notion.so/USD-Coin-Ethereum-5543257d4f2348c1ac408501694c7316, https://www.notion.so/Dai-Stablecoin-376edb1ce3d942088af5c5ce4c802364, https://www.notion.so/Neutrino-USD-Waves-4dcd691475894d2a9a24ddb0c5dd2274",F,0.1916,https://exponential.fi/pools/180f5317-6b2b-43f9-bc3d-cd6cabd88724
Llama Airforce FXS Fee Sharing,https://www.notion.so/Llama-Airforce-27e8eda2938146c1993640375ecdc72f,"https://www.notion.so/Frax-Share-Ethereum-92bf192a1b2c4c9b932dd9efe964f9c8, https://www.notion.so/Frax-Ethereum-2c39cf8d821b4fefa9002a21a6b856da",F,0.1372,https://exponential.fi/pools/ffcd65a1-5d3a-4f6e-b93c-93b9b3190c85
Reaper Farm USD Lending,https://www.notion.so/Reaper-Farm-fd2bb80c05c646a296c7212953d597c1,https://www.notion.so/Tether-USD-Optimism-08cb52b8fff64906bdfbdec9b9ef41bb,D,0.129,https://exponential.fi/pools/2067f186-d64a-43cb-b6d5-134b898d4d6a
DeFiChain DFI-USD Market Making,https://www.notion.so/DeFiChain-Dex-482f16505a3542d1b1d115c0448424c3,"https://www.notion.so/Decentralized-USD-e768f69eee0c40f890b4e9ea2b3723af, https://www.notion.so/DeFiChain-0cb8b70f893041c481a40d534d365c5e",D,0.1274,https://exponential.fi/pools/ef03a27d-6367-47f5-aa4e-3c2b08e55d8a
Reaper Farm ETH Lending,https://www.notion.so/Reaper-Farm-fd2bb80c05c646a296c7212953d597c1,https://www.notion.so/Ether-Optimism-e704056a8b8341b6a94d3209204900e5,D,0.1156,https://exponential.fi/pools/4c2bf2d8-6a39-4b59-bca0-7fdef137d217
WOOFi OP Staking,https://www.notion.so/WOOFi-Earn-815a7eaa17c149389068eb6b502c5412,https://www.notion.so/Optimism-5af2ff956ea14d0bbf162c6c1199d7f2,D,0.115,https://exponential.fi/pools/afe9ea8c-f7f0-4484-9eeb-026dd962dc4f
Reaper Farm USD Lending,https://www.notion.so/Reaper-Farm-fd2bb80c05c646a296c7212953d597c1,https://www.notion.so/Dai-Stablecoin-Optimism-e1f800b120b64918a14bd49e952e0b66,D,0.1111,https://exponential.fi/pools/10ded717-9663-467c-8a39-3de140ac5b96
Vires USD Lending,https://www.notion.so/Vires-cea74e2bffac4b2ab6cb40b4e13e8b53,https://www.notion.so/Neutrino-USD-Waves-4dcd691475894d2a9a24ddb0c5dd2274,F,0.1089,https://exponential.fi/pools/6defbe57-447a-46ab-892b-825c4fef681e
Reaper Farm USD Lending,https://www.notion.so/Reaper-Farm-fd2bb80c05c646a296c7212953d597c1,https://www.notion.so/USD-Coin-Optimism-e9e478f29ca149308ac4e572c9d35921,D,0.1056,https://exponential.fi/pools/a703a3cc-4c6a-49a2-85e4-cfef5b73033f
WOOFi AVAX Staking,https://www.notion.so/WOOFi-Earn-815a7eaa17c149389068eb6b502c5412,https://www.notion.so/Avalanche-1d59b00278c640f6871ccb48942099a6,D,0.1019,https://exponential.fi/pools/ffcef60b-9a59-4b49-b827-fe8eb211151e
Convex EUR-USD Market Making,https://www.notion.so/Convex-910d63740ea849b08b340b81ea7c21af,"https://www.notion.so/agEUR-Ethereum-2264a5f36df84c34af56a246be239904, https://www.notion.so/Frax-Ethereum-2c39cf8d821b4fefa9002a21a6b856da, https://www.notion.so/USD-Coin-Ethereum-5543257d4f2348c1ac408501694c7316",F,0.0985,https://exponential.fi/pools/c6da6c35-2c52-4a23-afc4-8e0756eaf785
WOOFi USD Staking,https://www.notion.so/WOOFi-Earn-815a7eaa17c149389068eb6b502c5412,https://www.notion.so/USD-Coin-Arbitrum-ee19df9327cb4589a30303ab1ae833a0,D,0.0958,https://exponential.fi/pools/944025b6-9c9c-4309-822f-f4ee8cf47bdb
Mero USD Staking,https://www.notion.so/Mero-9996705d15a440f39311594ce2b42bdf,"https://www.notion.so/Tether-USD-Ethereum-0fd710520a85406d9575e4069fa27f0c, https://www.notion.so/Magic-Internet-Money-Ethereum-07799e51635c40b39aff0e62364450b9, https://www.notion.so/USD-Coin-Ethereum-5543257d4f2348c1ac408501694c7316, https://www.notion.so/Dai-Stablecoin-376edb1ce3d942088af5c5ce4c802364",D,0.0881,https://exponential.fi/pools/bad058cd-68c2-44a2-b01e-d79e198d3609
Mero USD Staking,https://www.notion.so/Mero-9996705d15a440f39311594ce2b42bdf,"https://www.notion.so/Tether-USD-Ethereum-0fd710520a85406d9575e4069fa27f0c, https://www.notion.so/Magic-Internet-Money-Ethereum-07799e51635c40b39aff0e62364450b9, https://www.notion.so/USD-Coin-Ethereum-5543257d4f2348c1ac408501694c7316, https://www.notion.so/Dai-Stablecoin-376edb1ce3d942088af5c5ce4c802364",D,0.0863,https://exponential.fi/pools/8d1f9dce-022e-4501-9ffd-2ccd465a059d
UwU USD Lending,https://www.notion.so/UwU-e8fa61687ac4482abdfb8ec5563a7dd4,https://www.notion.so/Frax-Ethereum-2c39cf8d821b4fefa9002a21a6b856da,F,0.0844,https://exponential.fi/pools/2d9692c4-4c46-4e31-853e-6337fe447b38
Pendle USDC Market Making (3/29),https://www.notion.so/Pendle-7cd317bcbc3943d0ab51853f9a8f048e,"https://www.notion.so/Frax-Ethereum-2c39cf8d821b4fefa9002a21a6b856da, https://www.notion.so/USD-Coin-Ethereum-5543257d4f2348c1ac408501694c7316",F,0.0807,https://exponential.fi/pools/72521118-674c-454a-af34-2d00d812cc2b
WOOFi ETH Staking,https://www.notion.so/WOOFi-Earn-815a7eaa17c149389068eb6b502c5412,https://www.notion.so/Wrapped-Ether-Ethereum-3ec990b5a34b43fbaea795cd372c42e2,D,0.0769,https://exponential.fi/pools/88f7009e-b575-4784-82b9-00ade37027e3
Sonne USD Lending,https://www.notion.so/Sonne-6977324d67ea47b7bd579b99b7793ddd,https://www.notion.so/Tether-USD-Optimism-08cb52b8fff64906bdfbdec9b9ef41bb,D,0.0582,https://exponential.fi/pools/f35ec5eb-c1d0-4102-a6a8-11a19080a885
WOOFi BNB Staking,https://www.notion.so/WOOFi-Earn-815a7eaa17c149389068eb6b502c5412,https://www.notion.so/Binance-Chain-Native-Token-5419ec49379640fe889b03312dcdd939,D,0.0545,https://exponential.fi/pools/ddbd2d4d-15a3-4662-be10-09ec7ceac85c
JustLend USD Lending,https://www.notion.so/JustLend-3a1f4aacd493469dbafceba648d37fd7,https://www.notion.so/Decentralized-USD-8c57883ad8e54b7b941f06c12fa1d364,D,0.0517,https://exponential.fi/pools/8d1536c5-b3bd-42e8-958f-cca7db8be92f
UwU USD Lending,https://www.notion.so/UwU-e8fa61687ac4482abdfb8ec5563a7dd4,https://www.notion.so/Tether-USD-Ethereum-0fd710520a85406d9575e4069fa27f0c,D,0.044,https://exponential.fi/pools/fad32523-cb27-4122-b22d-813ce13108a7
UwU USD Lending,https://www.notion.so/UwU-e8fa61687ac4482abdfb8ec5563a7dd4,https://www.notion.so/Dai-Stablecoin-376edb1ce3d942088af5c5ce4c802364,D,0.0371,https://exponential.fi/pools/00b401f9-11a9-4725-975f-aa265451bfba
Convex USD Market Making,https://www.notion.so/Convex-910d63740ea849b08b340b81ea7c21af,"https://www.notion.so/Frax-Ethereum-2c39cf8d821b4fefa9002a21a6b856da, https://www.notion.so/Dai-Stablecoin-376edb1ce3d942088af5c5ce4c802364, https://www.notion.so/USD-Coin-Ethereum-5543257d4f2348c1ac408501694c7316, https://www.notion.so/Tether-USD-Ethereum-0fd710520a85406d9575e4069fa27f0c",F,0.0297,https://exponential.fi/pools/8f21a974-61bc-4413-8a08-30b791d9e61c
Pendle USDC Principal Token (3/29),https://www.notion.so/Pendle-7cd317bcbc3943d0ab51853f9a8f048e,"https://www.notion.so/Frax-Ethereum-2c39cf8d821b4fefa9002a21a6b856da, https://www.notion.so/USD-Coin-Ethereum-5543257d4f2348c1ac408501694c7316",F,0.0219,https://exponential.fi/pools/c1790d0a-e5b0-45cf-8f15-83426faf23ae
Mero USD Staking,https://www.notion.so/Mero-9996705d15a440f39311594ce2b42bdf,"https://www.notion.so/Frax-Ethereum-2c39cf8d821b4fefa9002a21a6b856da, https://www.notion.so/USD-Coin-Ethereum-5543257d4f2348c1ac408501694c7316",F,0.0211,https://exponential.fi/pools/410ad829-2668-49b7-8100-d9911e9547c6
Curve FIDU-USD Market Making,https://www.notion.so/Curve-0c7b96b2a2274fb4a869e971c604ee4f,"https://www.notion.so/Fidu-fc46116cee9f42429e0a493ed95ae1eb, https://www.notion.so/USD-Coin-Ethereum-5543257d4f2348c1ac408501694c7316",F,0.0092,https://exponential.fi/pools/a4824924-1992-4e6d-a761-8e33676e398f
KyberSwap ETH Market Making,https://www.notion.so/KyberSwap-afb9abc1379542e3875e4fe42ca7282e,"https://www.notion.so/Lido-Staked-ETH-bb04fee601b040d9864547d1a8676426, https://www.notion.so/Ether-Optimism-e704056a8b8341b6a94d3209204900e5",B,0.2066,https://exponential.fi/pools/bd36591e-3237-4360-83cd-4936b1b61898
Beethoven ETH Market Making,https://www.notion.so/Beethoven-X-708095aef6614b3d90e59e26d44b8fd6,"https://www.notion.so/Ether-Optimism-e704056a8b8341b6a94d3209204900e5, https://www.notion.so/Rocket-Pool-ETH-Optimism-681fea0bd0a949a29e17060066bd68cc",C,0.1274,https://exponential.fi/pools/3669478d-d645-49a1-985d-a957e0e788a2
Frax ETH Staking,https://www.notion.so/Frax-Ether-f791c0795f69469c87bbd83770754681,https://www.notion.so/Frax-Ether-7125030fffb04b6f9dbe876def5784fe,C,0.0755,https://exponential.fi/pools/67865fd7-c523-4700-a3d8-410ae8765b65
Uniswap ETH Market Making,https://www.notion.so/Uniswap-v3-5461faaf7fc343298b466a6ee71b9ff2,"https://www.notion.so/Ether-083c480c6565470385190396104819ad, https://www.notion.so/Coinbase-Wrapped-Staked-ETH-1dfae184eee1474da504942ddd079864",B,0.063,https://exponential.fi/pools/11b1cee1-2018-4565-9efe-b5dec316a1ab
Balancer ETH Market Making,https://www.notion.so/Balancer-84f749d54eef479fb6da9bfbc4aca07e,"https://www.notion.so/Wrapped-stETH-551469e62ada493e8fb24d255f3b2501, https://www.notion.so/Ether-083c480c6565470385190396104819ad",B,0.0582,https://exponential.fi/pools/ef2777db-c3c2-4836-abbe-ad0eba1eabf5
Balancer ETH Market Making,https://www.notion.so/Balancer-84f749d54eef479fb6da9bfbc4aca07e,"https://www.notion.so/Ether-083c480c6565470385190396104819ad, https://www.notion.so/Rocket-Pool-ETH-Ethereum-f2ff381ee89d46a7be45151919db9722",B,0.0512,https://exponential.fi/pools/0383600e-fc61-4e2e-b16d-229d5d9fc2bc
Lido ETH Staking,https://www.notion.so/Lido-798d6b54fe37419ba77ad8184aa58865,https://www.notion.so/Ether-083c480c6565470385190396104819ad,A,0.0493,https://exponential.fi/pools/bf2ee737-848b-4e3e-8125-f75cc8e4de53
Rocket Pool ETH Staking,https://www.notion.so/Rocket-Pool-1a769ff20d1845bcb50ee690a45de4fd,https://www.notion.so/Ether-083c480c6565470385190396104819ad,A,0.0446,https://exponential.fi/pools/fbac9036-f30b-4b8a-b39a-ef74900d6faa
Beethoven Tricrypto Market Making,https://www.notion.so/Beethoven-X-708095aef6614b3d90e59e26d44b8fd6,"https://www.notion.so/Wrapped-BTC-Optimism-d62e75786298497b88bf31e19e771af2, https://www.notion.so/USD-Coin-Optimism-e9e478f29ca149308ac4e572c9d35921, https://www.notion.so/Wrapped-stETH-551469e62ada493e8fb24d255f3b2501",D,0.0192,https://exponential.fi/pools/f0680d22-e3f3-4ab6-990b-4fa2eb3c309d
Yearn ETH Market Making,https://www.notion.so/Yearn-34a1ee33e55f4ee7b3b9a204d8508119,"https://www.notion.so/Lido-Staked-ETH-bb04fee601b040d9864547d1a8676426, https://www.notion.so/Ether-083c480c6565470385190396104819ad",B,0.0432,https://exponential.fi/pools/9bc039a7-7d1b-44eb-b20b-35cc923c23b6
Coinbase ETH Staking,https://www.notion.so/Coinbase-Liquid-Staking-393f51a88a8a4a1c8e793b166a66d636,https://www.notion.so/Ether-083c480c6565470385190396104819ad,B,0.0399,https://exponential.fi/pools/90108fda-bb2a-440f-b4b2-66047c1cbe13
Curve ETH Market Making,https://www.notion.so/Curve-0c7b96b2a2274fb4a869e971c604ee4f,"https://www.notion.so/Ether-083c480c6565470385190396104819ad, https://www.notion.so/Frax-Ether-7125030fffb04b6f9dbe876def5784fe",C,0.0328,https://exponential.fi/pools/a6ef04dc-a194-49bf-872a-ed6427b0f988
Euler ETH Lending,https://www.notion.so/Euler-a387e1ce165d4e02b428d4605d1d7ce6,https://www.notion.so/Wrapped-stETH-551469e62ada493e8fb24d255f3b2501,B,0.0067,https://exponential.fi/pools/164bf12d-0b41-4b2d-ad9e-0946710014f5
Gearbox ETH Lending,https://www.notion.so/Gearbox-bd6923fd8d06439f89f2a99edc368362,https://www.notion.so/Wrapped-stETH-551469e62ada493e8fb24d255f3b2501,B,0.0007,https://exponential.fi/pools/d10ae8db-61b1-4768-a700-c5a272b6b25e
Pendle USDC Yield Token (3/29),https://www.notion.so/Pendle-7cd317bcbc3943d0ab51853f9a8f048e,"https://www.notion.so/Frax-Ethereum-2c39cf8d821b4fefa9002a21a6b856da, https://www.notion.so/USD-Coin-Ethereum-5543257d4f2348c1ac408501694c7316",F,0.805,https://exponential.fi/pools/464c039b-e7dc-4952-941f-b42c090733a7
Clipper Tricrypto-LINK-OP Market Making,https://www.notion.so/Clipper-3a833af08e3f4193b30b9e0b4ae42ce8,"https://www.notion.so/Tether-USD-Optimism-08cb52b8fff64906bdfbdec9b9ef41bb, https://www.notion.so/USD-Coin-Optimism-e9e478f29ca149308ac4e572c9d35921, https://www.notion.so/Ether-Optimism-e704056a8b8341b6a94d3209204900e5, https://www.notion.so/Wrapped-BTC-Optimism-d62e75786298497b88bf31e19e771af2, https://www.notion.so/Optimism-5af2ff956ea14d0bbf162c6c1199d7f2, https://www.notion.so/ChainLink-Optimism-7b127b770bf04751b9ae82907257fae0",C,0.4539,https://exponential.fi/pools/43a73e3e-100c-45c3-b0d7-641ea7f60e70
Clipper Tricrypto-MATIC Market Making,https://www.notion.so/Clipper-3a833af08e3f4193b30b9e0b4ae42ce8,"https://www.notion.so/Dai-Stablecoin-PoS-Polygon-b008df7a3ed44f6ba265a4aebe9a58d0, https://www.notion.so/USD-Coin-PoS-Polygon-63baa480cefb4baf806172a19c7a04c0, https://www.notion.so/Wrapped-Ether-PoS-Polygon-63f36aeca52a416a8f7a6534435bc69f, https://www.notion.so/Tether-USD-PoS-Polygon-f7228cfada3b4c2b94e836181091cd7d, https://www.notion.so/Wrapped-BTC-PoS-Polygon-414791a3d66e44ddaa1d9e633b4e3d59, https://www.notion.so/MATIC-e22993a7275f4e0788241f86bba81d15",C,0.3834,https://exponential.fi/pools/7a1d3f67-311c-47f1-bb0a-f0fd094c96b8
Clipper Tricrypto Market Making,https://www.notion.so/Clipper-3a833af08e3f4193b30b9e0b4ae42ce8,"https://www.notion.so/Wrapped-BTC-Ethereum-a8a21ace393f4b1da2af0172d9694b73, https://www.notion.so/Ether-083c480c6565470385190396104819ad, https://www.notion.so/Tether-USD-Ethereum-0fd710520a85406d9575e4069fa27f0c, https://www.notion.so/USD-Coin-Ethereum-5543257d4f2348c1ac408501694c7316, https://www.notion.so/Dai-Stablecoin-376edb1ce3d942088af5c5ce4c802364",C,0.2806,https://exponential.fi/pools/00484043-e290-41aa-97f8-6b3b67fbf0d9
Goldfinch USD Lending,https://www.notion.so/Goldfinch-a35e27ba4f424f02ab80d5182a3e525f,https://www.notion.so/USD-Coin-Ethereum-5543257d4f2348c1ac408501694c7316,C,0.1698,https://exponential.fi/pools/4d5d2f57-c528-40f5-8fbf-9d4dc6c94b78
Pendle ETH Market Making (3/29),https://www.notion.so/Pendle-7cd317bcbc3943d0ab51853f9a8f048e,https://www.notion.so/Lido-Staked-ETH-bb04fee601b040d9864547d1a8676426,B,0.1549,https://exponential.fi/pools/4641b527-68eb-453e-b4c2-b6f4892df02a
BendDAO ETH Lending,https://www.notion.so/BendDAO-03c1731cfaba45b8bda422c0e5a65385,https://www.notion.so/Ether-083c480c6565470385190396104819ad,C,0.1412,https://exponential.fi/pools/a50d1dce-cc2b-43ed-a9a0-3c23d948342b
Idle MATIC Perpetual Yield Tranches (Junior),https://www.notion.so/Idle-a4567aed0b3d4d03b93d94b791240365,https://www.notion.so/Matic-Token-Ethereum-01baf2451bba47309baf4cdb5b19415f,A,0.1375,https://exponential.fi/pools/fddd4eb6-3c46-4c97-abdd-5d080869b321
Trader Joe V2 BTC Market Making,https://www.notion.so/Trader-Joe-V2-252a48f4c2d14aa494e36ae3686f6b9a,"https://www.notion.so/Wrapped-BTC-Avalanche-077cea2b925c4e14aa44214c5da185d2, https://www.notion.so/Bitcoin-Avalanche-2de24b38cae0456cae081e884df080cc",C,0.137,https://exponential.fi/pools/06b6b4bc-4b12-47ae-8856-54c1b2d5460b
Pendle ETH Yield Token (3/29),https://www.notion.so/Pendle-7cd317bcbc3943d0ab51853f9a8f048e,https://www.notion.so/Lido-Staked-ETH-bb04fee601b040d9864547d1a8676426,B,0.107,https://exponential.fi/pools/a54bcfb3-056e-4f3f-ad13-ddba6eb8e439
Sherlock USD Staking,https://www.notion.so/Sherlock-db9fa76b02594271b7584560e6782265,https://www.notion.so/USD-Coin-Ethereum-5543257d4f2348c1ac408501694c7316,B,0.1013,https://exponential.fi/pools/971c88d2-0766-4b1f-81e8-6d221bb6552b
Trader Joe V2 USD Market Making,https://www.notion.so/Trader-Joe-V2-252a48f4c2d14aa494e36ae3686f6b9a,"https://www.notion.so/USD-Coin-Native-Avalanche-505faddf33824d36b069fd787d2dc379, https://www.notion.so/Tether-USD-Avalanche-ab8398ee64df4afe90a3cbac6fc9859d",D,0.903,https://exponential.fi/pools/934d988e-260b-4ea9-9827-8af9bb8f76a9
Pendle USDC Market Making (3/29),https://www.notion.so/Pendle-7cd317bcbc3943d0ab51853f9a8f048e,"https://www.notion.so/Frax-Ethereum-2c39cf8d821b4fefa9002a21a6b856da, https://www.notion.so/USD-Coin-Ethereum-5543257d4f2348c1ac408501694c7316",F,0.0807,https://exponential.fi/pools/72521118-674c-454a-af34-2d00d812cc2b
Trader Joe V2 AVAX Market Making,https://www.notion.so/Trader-Joe-V2-252a48f4c2d14aa494e36ae3686f6b9a,"https://www.notion.so/Wrapped-AVAX-be647ae5ddb54d3a9ebeac4c8c705cdc, https://www.notion.so/Benqi-Liquid-Staked-AVAX-6576b2eaa3004735bedd7994d8c4c2c7",C,0.0759,https://exponential.fi/pools/67488720-a537-4cfb-bdd3-2624d2c3aea2
Frax ETH Staking,https://www.notion.so/Frax-Ether-f791c0795f69469c87bbd83770754681,https://www.notion.so/Frax-Ether-7125030fffb04b6f9dbe876def5784fe,C,0.0755,https://exponential.fi/pools/67865fd7-c523-4700-a3d8-410ae8765b65
Trader Joe V2 USD Market Making,https://www.notion.so/Trader-Joe-V2-252a48f4c2d14aa494e36ae3686f6b9a,"https://www.notion.so/Dai-Stablecoin-Avalanche-50e5e95542d446328030694140989c60, https://www.notion.so/USD-Coin-Native-Avalanche-505faddf33824d36b069fd787d2dc379",C,0.0713,https://exponential.fi/pools/6887f8ad-8d44-4ddc-88fb-c4b647a908df
Chicken Bonds USD Bonding,https://www.notion.so/Chicken-Bonds-e0ca813fc00c4e55bb14d5699f0e9a14,https://www.notion.so/Boosted-LUSD-f0509f75519e497297ebc010cb217851,C,0.0649,https://exponential.fi/pools/89fccbe8-e659-4d25-b28f-f8ccb8761e8f
Idle MATIC Perpetual Yield Tranches (Senior),https://www.notion.so/Idle-a4567aed0b3d4d03b93d94b791240365,https://www.notion.so/Matic-Token-Ethereum-01baf2451bba47309baf4cdb5b19415f,A,0.0637,https://exponential.fi/pools/9b45c068-8f26-429b-a039-a88893266699
Notional USD Market Making,https://www.notion.so/Notional-18814d1f35b142dd9c41d1a88fef756d,https://www.notion.so/Dai-Stablecoin-376edb1ce3d942088af5c5ce4c802364,B,0.0629,https://exponential.fi/pools/79e497aa-1443-4302-842b-a06ba48c38cc
Trader Joe V2 USD Market Making,https://www.notion.so/Trader-Joe-V2-252a48f4c2d14aa494e36ae3686f6b9a,"https://www.notion.so/Tether-Token-native-Avalanche-d26808b765454086a2951aa642fdbb01, https://www.notion.so/USD-Coin-Native-Avalanche-505faddf33824d36b069fd787d2dc379",C,0.0581,https://exponential.fi/pools/053d2644-43c3-407d-a989-8926ce519cbf
Notional USD Market Making,https://www.notion.so/Notional-18814d1f35b142dd9c41d1a88fef756d,https://www.notion.so/USD-Coin-Ethereum-5543257d4f2348c1ac408501694c7316,B,0.0556,https://exponential.fi/pools/d3a0f7f6-1fcc-4aa8-b67e-26f3a2217e52
Notional ETH Fixed Term Lending (3/23),https://www.notion.so/Notional-18814d1f35b142dd9c41d1a88fef756d,https://www.notion.so/Ether-083c480c6565470385190396104819ad,B,0.0556,https://exponential.fi/pools/65a5bce1-a3c8-46b0-92b7-9301ba5e26f6
Notional ETH Fixed Term Lending (6/21),https://www.notion.so/Notional-18814d1f35b142dd9c41d1a88fef756d,https://www.notion.so/Ether-083c480c6565470385190396104819ad,B,0.0517,https://exponential.fi/pools/798d069c-2655-4931-95f9-03b1fcc8cd5b
Notional USD Fixed Term Lending (12/18),https://www.notion.so/Notional-18814d1f35b142dd9c41d1a88fef756d,https://www.notion.so/USD-Coin-Ethereum-5543257d4f2348c1ac408501694c7316,B,0.0489,https://exponential.fi/pools/123d580d-19d8-4429-98d4-e9d5ec5f4528
Pendle ETH Principal Token (3/29),https://www.notion.so/Pendle-7cd317bcbc3943d0ab51853f9a8f048e,https://www.notion.so/Lido-Staked-ETH-bb04fee601b040d9864547d1a8676426,B,0.049,https://exponential.fi/pools/0a6c4f6e-54ea-4f7d-a102-b5c74e1045e9
Notional ETH Market Making,https://www.notion.so/Notional-18814d1f35b142dd9c41d1a88fef756d,https://www.notion.so/Ether-083c480c6565470385190396104819ad,B,0.0481,https://exponential.fi/pools/e72e76cc-8b3f-493d-ab9c-dc88ef21b450
Gearbox ETH Lending,https://www.notion.so/Gearbox-bd6923fd8d06439f89f2a99edc368362,https://www.notion.so/Ether-083c480c6565470385190396104819ad,B,0.0474,https://exponential.fi/pools/53138591-3005-4206-98fb-c49a1ed974e4
Gearbox USD Lending,https://www.notion.so/Gearbox-bd6923fd8d06439f89f2a99edc368362,https://www.notion.so/Dai-Stablecoin-376edb1ce3d942088af5c5ce4c802364,B,0.045,https://exponential.fi/pools/8032cbab-86ef-452c-825b-fc9c7fa895f9
Notional USD Fixed Term Lending (6/21),https://www.notion.so/Notional-18814d1f35b142dd9c41d1a88fef756d,https://www.notion.so/Dai-Stablecoin-376edb1ce3d942088af5c5ce4c802364,B,0.0417,https://exponential.fi/pools/64aebdfa-0a3b-4a20-9ab1-e744f2acf8c3
Notional USD Fixed Term Lending (12/18),https://www.notion.so/Notional-18814d1f35b142dd9c41d1a88fef756d,https://www.notion.so/Dai-Stablecoin-376edb1ce3d942088af5c5ce4c802364,B,0.0413,https://exponential.fi/pools/d628535b-dda4-4469-a555-c75a508e64db
GMX AVAX-Tricrypto Market Making,https://www.notion.so/GMX-d3291fcd4c1c4ff08352b0019f9fa8eb,https://www.notion.so/GMX-LP-Avalanche-b5c216cc89154dd186eddd08618f7493,C,0.3456,https://exponential.fi/pools/16b8f0f9-317e-4abd-a436-a2a45c5a7685
Lyra BTC Options Market Making,https://www.notion.so/Lyra-ad6c9190fdae461298942f1455cd656e,https://www.notion.so/Synth-USD-Optimism-012810cb4e0549f49efb1892a573afb3,B,0.4663,https://exponential.fi/pools/9459f754-5591-46c9-8f4a-87d27c6614a9
Lyra ETH Options Market Making,https://www.notion.so/Lyra-ad6c9190fdae461298942f1455cd656e,https://www.notion.so/Synth-USD-Optimism-012810cb4e0549f49efb1892a573afb3,B,0.4997,https://exponential.fi/pools/66bafdad-71ff-40af-8ee0-f8c085e58683
GMX Crypto Market Making,https://www.notion.so/GMX-d3291fcd4c1c4ff08352b0019f9fa8eb,https://www.notion.so/GMX-LP-Arbitrum-ca6a6dae77954c84ab68c7d977e9b3a5,C,0.2496,https://exponential.fi/pools/1991ab34-c7c6-4bb0-b9ff-e02e01808bd5
LooksRare Fee Sharing,https://www.notion.so/LooksRare-bc6fb8507a9741fbbfb49df13846fb8a,https://www.notion.so/LooksRare-Token-e9ade4c5dc054c268d633fefa6911676,C,0.2124,https://exponential.fi/pools/e0279ae1-e99b-44f6-a1bf-562e99570df3
BendDAO Fee Sharing,https://www.notion.so/BendDAO-03c1731cfaba45b8bda422c0e5a65385,https://www.notion.so/Bend-Token-8e91dcd16323418fa65ad18537e0fd5e,C,0.2052,https://exponential.fi/pools/0e251288-7cd1-42ff-8fcd-a4681047c904
Gains USD Market Making,https://www.notion.so/Gains-Network-62ababe752b640adb8ff29912cded3b5,https://www.notion.so/Dai-Stablecoin-PoS-Polygon-b008df7a3ed44f6ba265a4aebe9a58d0,C,0.1435,https://exponential.fi/pools/84f49547-c5c3-4e9e-8f0b-f48172fd20d0
GMX Fee Sharing,https://www.notion.so/GMX-d3291fcd4c1c4ff08352b0019f9fa8eb,https://www.notion.so/GMX-cf3ed67e645c4268934e904a1d17f1d3,B,0.1036,https://exponential.fi/pools/b0e4c692-e97d-4e33-8bdd-8afc6ac477a4
Curve CRV Fee Sharing,https://www.notion.so/Curve-0c7b96b2a2274fb4a869e971c604ee4f,https://www.notion.so/Curve-DAO-Token-Ethereum-df950fa87eb44d85b26c1a0d26991e3f,A,0.0707,https://exponential.fi/pools/fa64c5b9-a0a2-4763-8668-1baf7318c470
Abracadabra SPELL Fee Sharing,https://www.notion.so/Abracadabra-29d91f586e77497f8e11e0a136abbd9d,https://www.notion.so/Spell-Token-Ethereum-eed3743e2bfa40abb3b041fc6dd0e8a3,B,0.0556,https://exponential.fi/pools/b02a7246-c760-4c55-8cae-d7474be36467
Umami Staking,https://www.notion.so/Umami-b7addab9f99b4ad9bdc13d7d6b9a996f,https://www.notion.so/UMAMI-aef8b4ed5f5e46aabb22334d5e05d5e0,C,0.0204,https://exponential.fi/pools/8d868a5c-0f7f-46f6-8051-e8f399a93305
Uniswap BTC Market Making,https://www.notion.so/Uniswap-v3-5461faaf7fc343298b466a6ee71b9ff2,"https://www.notion.so/Wrapped-BTC-Ethereum-a8a21ace393f4b1da2af0172d9694b73, https://www.notion.so/BTC-Flexible-Leverage-Index-3d716557ca3a491fa25d0bba5e3bf5c1",B,0.2061,https://exponential.fi/pools/1d9ae317-85e2-4c61-ae97-f0ebd91ab7f6
Trader Joe V2 BTC Market Making,https://www.notion.so/Trader-Joe-V2-252a48f4c2d14aa494e36ae3686f6b9a,"https://www.notion.so/Wrapped-BTC-Avalanche-077cea2b925c4e14aa44214c5da185d2, https://www.notion.so/Bitcoin-Avalanche-2de24b38cae0456cae081e884df080cc",C,0.1408,https://exponential.fi/pools/06b6b4bc-4b12-47ae-8856-54c1b2d5460b
Yearn BTC Market Making,https://www.notion.so/Yearn-34a1ee33e55f4ee7b3b9a204d8508119,"https://www.notion.so/Wrapped-BTC-Ethereum-a8a21ace393f4b1da2af0172d9694b73, https://www.notion.so/multiBTC-c5e2fc0ce2334655a96b8d61bd7616a8, https://www.notion.so/Synth-BTC-c92708d2db9941eb938d778badb96f6a",C,0.095,https://exponential.fi/pools/4b33407c-f1e8-4e54-b67c-fbe6967fa1ae
Curve BTC Market Making,https://www.notion.so/Curve-0c7b96b2a2274fb4a869e971c604ee4f,"https://www.notion.so/Synth-BTC-Optimism-55030a82ddd742b18dab05630e50ab19, https://www.notion.so/Wrapped-BTC-Optimism-d62e75786298497b88bf31e19e771af2",B,0.0803,https://exponential.fi/pools/86a195db-08c2-403b-9f21-c7b3de401a08
,,,,,
Sonne BTC Lending,https://www.notion.so/Sonne-6977324d67ea47b7bd579b99b7793ddd,https://www.notion.so/Wrapped-BTC-Optimism-d62e75786298497b88bf31e19e771af2,C,0.0507,https://exponential.fi/pools/9992fc08-5af2-4db7-b80d-861cfab6690e
Yearn BTC Market Making,https://www.notion.so/Yearn-34a1ee33e55f4ee7b3b9a204d8508119,https://www.notion.so/Huobi-BTC-b929226ca62c4789bb18a4ea63dd5f81,B,0.0437,https://exponential.fi/pools/e39b9758-672b-4aa3-9022-faf66ed1c035
Across BTC Bridging,https://www.notion.so/Across-1782ff2ec4644e4f8b546121c83a8532,https://www.notion.so/Wrapped-BTC-Ethereum-a8a21ace393f4b1da2af0172d9694b73,B,0.0261,https://exponential.fi/pools/b7c50d66-8c19-4653-b0a2-71d6ca493892
Benqi BTC Lending,https://www.notion.so/Benqi-a29f4b34172446a2a56ba7a5b35f3f76,https://www.notion.so/Bitcoin-Avalanche-2de24b38cae0456cae081e884df080cc,C,0.0216,https://exponential.fi/pools/6948599a-4302-4ef7-9b4b-361c1a515619
Radiant BTC Lending,https://www.notion.so/Radiant-8869921aedbe4d0885a961e18a6921fe,https://www.notion.so/Wrapped-BTC-Arbitrum-3a94e1991a23447b88e7e5188f75742f,C,0.0206,https://exponential.fi/pools/de0b553d-d82b-42d1-b7ad-851e1771afec
Gearbox BTC Lending,https://www.notion.so/Gearbox-bd6923fd8d06439f89f2a99edc368362,https://www.notion.so/Wrapped-BTC-Ethereum-a8a21ace393f4b1da2af0172d9694b73,B,0.0195,https://exponential.fi/pools/11b90136-d2b8-431c-ac2d-d3e780ff34d5
Notional BTC Fixed Term Lending (3/23),https://www.notion.so/Notional-18814d1f35b142dd9c41d1a88fef756d,https://www.notion.so/Wrapped-BTC-Ethereum-a8a21ace393f4b1da2af0172d9694b73,B,0.0163,https://exponential.fi/pools/168f6c26-334f-4f34-991d-eeb244103e26
Convex BTC Market Making,https://www.notion.so/Convex-910d63740ea849b08b340b81ea7c21af,"https://www.notion.so/renBTC-Ethereum-d688c3ccef8b4b408d3b30c160d9dc83, https://www.notion.so/Wrapped-BTC-Ethereum-a8a21ace393f4b1da2af0172d9694b73, https://www.notion.so/Synth-BTC-c92708d2db9941eb938d778badb96f6a",C,0.0221,https://exponential.fi/pools/ebe919e9-07a9-4d8f-b6a3-009a56cbec33
Notional BTC Fixed Term Lending (6/21),https://www.notion.so/Notional-18814d1f35b142dd9c41d1a88fef756d,https://www.notion.so/Wrapped-BTC-Ethereum-a8a21ace393f4b1da2af0172d9694b73,B,0.0143,https://exponential.fi/pools/60a03983-b2ad-4f9e-b463-a1889df191ad
Platypus BTC Market Making,https://www.notion.so/Platypus-f5ec2e56f5054ad2b085f4f148fb2bce,"https://www.notion.so/Bitcoin-Avalanche-2de24b38cae0456cae081e884df080cc, https://www.notion.so/Wrapped-BTC-Avalanche-077cea2b925c4e14aa44214c5da185d2",C,0.0125,https://exponential.fi/pools/dce1af16-a8f8-47ce-bdca-26489b6aed05
0VIX BTC Lending,https://www.notion.so/0VIX-62485ce3784349c9910694731f5ee69e,https://www.notion.so/Wrapped-BTC-PoS-Polygon-414791a3d66e44ddaa1d9e633b4e3d59,C,0.01,https://exponential.fi/pools/fb19c235-2ef1-432f-bae6-0c92ea2bfbd4
Morpho-Aave BTC Lending,https://www.notion.so/Morpho-Aave-6a8e4c46d2d7470b9a8faab0d8e76525,https://www.notion.so/Wrapped-BTC-Ethereum-a8a21ace393f4b1da2af0172d9694b73,B,0.0058,https://exponential.fi/pools/6b3a49cf-3ca2-44b1-b3d7-1bce4243522b
Venus BTC Lending,https://www.notion.so/Venus-b48c2547706540748aeed226df0b13d3,https://www.notion.so/Binance-Peg-BTCB-Token-4c535e60b5b2497cab26731b8918e2a8,B,0.0052,https://exponential.fi/pools/d7eeb6c9-9660-43b5-bfa8-304cdaf34e85
Euler BTC Lending,https://www.notion.so/Euler-a387e1ce165d4e02b428d4605d1d7ce6,https://www.notion.so/Wrapped-BTC-Ethereum-a8a21ace393f4b1da2af0172d9694b73,B,0.0044,https://exponential.fi/pools/197b3c44-f6e4-48e5-8c6b-208baac1237a
Badger BTC Market Making,https://www.notion.so/Badger-db723da6ee6246319b44baf061c5b25c,"https://www.notion.so/Synth-BTC-c92708d2db9941eb938d778badb96f6a, https://www.notion.so/Wrapped-BTC-Ethereum-a8a21ace393f4b1da2af0172d9694b73, https://www.notion.so/renBTC-Ethereum-d688c3ccef8b4b408d3b30c160d9dc83, https://www.notion.so/Badger-Interest-Bearing-Bitcoin-45c4d4c0359543f6b8226a8a5deb9bed",B,0.0038,https://exponential.fi/pools/57a47436-110a-4a83-9a70-5e690cf8677c
Notional BTC Market Making,https://www.notion.so/Notional-18814d1f35b142dd9c41d1a88fef756d,https://www.notion.so/Wrapped-BTC-Ethereum-a8a21ace393f4b1da2af0172d9694b73,B,0.0032,https://exponential.fi/pools/2d0dc3bb-b351-41ef-aba2-adf4335a4bc6
Aave BTC Lending,https://www.notion.so/Aave-V3-3afbaf6e6d854b649ca8e999ed803e91,https://www.notion.so/Wrapped-BTC-Ethereum-a8a21ace393f4b1da2af0172d9694b73,A,0.0011,https://exponential.fi/pools/80260de9-20c2-4f43-bb3c-39a26468168e
Aave BTC Lending,https://www.notion.so/Aave-V3-3afbaf6e6d854b649ca8e999ed803e91,https://www.notion.so/Wrapped-BTC-Optimism-d62e75786298497b88bf31e19e771af2,B,0.0008,https://exponential.fi/pools/009bd761-014e-4274-adf4-e45856f94619
Benqi BTC Lending,https://www.notion.so/Benqi-a29f4b34172446a2a56ba7a5b35f3f76,https://www.notion.so/Wrapped-BTC-Avalanche-077cea2b925c4e14aa44214c5da185d2,C,0.0006,https://exponential.fi/pools/3640c997-245c-4443-8888-6f31210fa694
Morpho-Compound BTC Lending,https://www.notion.so/Morpho-Compound-45cc036332be4af6b2030abbc6220445,https://www.notion.so/Wrapped-BTC-Ethereum-a8a21ace393f4b1da2af0172d9694b73,B,0.0005,https://exponential.fi/pools/dfc6c1ac-c6a4-42b8-959c-bc6cbc758ab9
Yearn BTC Lending,https://www.notion.so/Yearn-34a1ee33e55f4ee7b3b9a204d8508119,https://www.notion.so/Wrapped-BTC-Optimism-d62e75786298497b88bf31e19e771af2,C,0.0004,https://exponential.fi/pools/bf3a7e76-501c-40e6-b747-66222a5cd070
Trader Joe BTC Lending,https://www.notion.so/Banker-Joe-546aafc3097642b3b4b9bfbef1242e8e,https://www.notion.so/Wrapped-BTC-Avalanche-077cea2b925c4e14aa44214c5da185d2,C,0.0003,https://exponential.fi/pools/53dd4165-db0f-4434-a61f-90735848e2cf
Compound BTC Lending,https://www.notion.so/Compound-3555715193ca4e51b456b74411e2a75a,https://www.notion.so/Wrapped-BTC-Ethereum-a8a21ace393f4b1da2af0172d9694b73,A,0.0003,https://exponential.fi/pools/2613995c-8b39-4bc1-a72f-0d2adc920c9e
cBridge ETH Avalanche,https://www.notion.so/cBridge-f8315190f53d4661b8ab4615f97c40f3,https://www.notion.so/Wrapped-Ether-Avalanche-01314a9ad0664ec8b31e8b5b6264387a,C,1.0143,https://exponential.fi/pools/9022054f-7814-42d5-9611-ef46eb03fb7b
cBridge ETH Polygon,https://www.notion.so/cBridge-f8315190f53d4661b8ab4615f97c40f3,https://www.notion.so/Wrapped-Ether-PoS-Polygon-63f36aeca52a416a8f7a6534435bc69f,C,0.7487,https://exponential.fi/pools/47a80d98-1afe-48b7-8752-5b93e410d8cc
cBridge ETH Optimism,https://www.notion.so/cBridge-f8315190f53d4661b8ab4615f97c40f3,https://www.notion.so/Ether-Optimism-e704056a8b8341b6a94d3209204900e5,B,0.3765,https://exponential.fi/pools/0bec4eea-9893-4ffa-ae88-e062e5363095
Pendle ETH Yield Token (6/28),https://www.notion.so/Pendle-7cd317bcbc3943d0ab51853f9a8f048e,https://www.notion.so/Lido-Staked-ETH-bb04fee601b040d9864547d1a8676426,B,0.2529,https://exponential.fi/pools/af108ca9-acc7-4fa2-b2e2-148efaa930f4
KyberSwap ETH Market Making,https://www.notion.so/KyberSwap-afb9abc1379542e3875e4fe42ca7282e,"https://www.notion.so/Wrapped-stETH-551469e62ada493e8fb24d255f3b2501, https://www.notion.so/Ether-Optimism-e704056a8b8341b6a94d3209204900e5",B,0.204,https://exponential.fi/pools/bd36591e-3237-4360-83cd-4936b1b61898
Pendle ETH Market Making (3/29),https://www.notion.so/Pendle-7cd317bcbc3943d0ab51853f9a8f048e,https://www.notion.so/Lido-Staked-ETH-bb04fee601b040d9864547d1a8676426,B,0.1525,https://exponential.fi/pools/4641b527-68eb-453e-b4c2-b6f4892df02a
Pendle ETH Market Making (6/28),https://www.notion.so/Pendle-7cd317bcbc3943d0ab51853f9a8f048e,https://www.notion.so/Lido-Staked-ETH-bb04fee601b040d9864547d1a8676426,B,0.149,https://exponential.fi/pools/5d1f070c-83c3-4d1c-abec-eb61dfe41eb0
BendDAO ETH Lending,https://www.notion.so/BendDAO-03c1731cfaba45b8bda422c0e5a65385,https://www.notion.so/Ether-083c480c6565470385190396104819ad,C,0.1429,https://exponential.fi/pools/a50d1dce-cc2b-43ed-a9a0-3c23d948342b
Beethoven ETH Market Making,https://www.notion.so/Beethoven-X-708095aef6614b3d90e59e26d44b8fd6,"https://www.notion.so/Ether-Optimism-e704056a8b8341b6a94d3209204900e5, https://www.notion.so/Rocket-Pool-ETH-Optimism-681fea0bd0a949a29e17060066bd68cc",C,0.1274,https://exponential.fi/pools/3669478d-d645-49a1-985d-a957e0e788a2
Pendle ETH Yield Token (3/29),https://www.notion.so/Pendle-7cd317bcbc3943d0ab51853f9a8f048e,https://www.notion.so/Lido-Staked-ETH-bb04fee601b040d9864547d1a8676426,B,0.1186,https://exponential.fi/pools/a54bcfb3-056e-4f3f-ad13-ddba6eb8e439
Reaper Farm ETH Lending,https://www.notion.so/Reaper-Farm-fd2bb80c05c646a296c7212953d597c1,https://www.notion.so/Ether-Optimism-e704056a8b8341b6a94d3209204900e5,D,0.1163,https://exponential.fi/pools/4c2bf2d8-6a39-4b59-bca0-7fdef137d217
Convex ETH Market Making,https://www.notion.so/Convex-910d63740ea849b08b340b81ea7c21af,"https://www.notion.so/Ether-083c480c6565470385190396104819ad, https://www.notion.so/SETH-facbfe6e79174d5fa21f60ad95a0d4a8",B,0.1072,https://exponential.fi/pools/ecc9de84-cd07-4773-b912-d4a3c472bead
Jones Dao ETH Market Making,https://www.notion.so/Jones-DAO-731810d5e0104a5db16f6a272ad970e6,https://www.notion.so/Ether-Arbitrum-618dc9ce2caf471db17711489cc652c6,D,0.1057,https://exponential.fi/pools/9b5a8bd3-cfd0-43a2-ae7c-a5d822bad669
Synapse ETH Market Making,https://www.notion.so/Synapse-9293757d5bb84d7c873e5488c714effb,"https://www.notion.so/Wrapped-Ether-Avalanche-01314a9ad0664ec8b31e8b5b6264387a, https://www.notion.so/Synapse-USD-Avalanche-d879b28428904bb98e62d5b548678d12",C,0.0986,https://exponential.fi/pools/00474ee9-752c-47c2-99b4-0e70d2ed5c6f
Uniswap ETH Market Making,https://www.notion.so/Uniswap-v3-5461faaf7fc343298b466a6ee71b9ff2,"https://www.notion.so/ETH-2x-Flexible-Leverage-Index-1c85159925eb4a988d8bad6415705873, https://www.notion.so/Ether-083c480c6565470385190396104819ad",B,0.0982,https://exponential.fi/pools/4a55f191-74b6-4ac9-9b59-251a9edbadf7
Yearn ETH Market Making,https://www.notion.so/Yearn-34a1ee33e55f4ee7b3b9a204d8508119,"https://www.notion.so/SETH-facbfe6e79174d5fa21f60ad95a0d4a8, https://www.notion.so/Ether-083c480c6565470385190396104819ad",C,0.0849,https://exponential.fi/pools/ab655c44-641b-49fe-8267-300681c00e3a
Synapse ETH Market Making,https://www.notion.so/Synapse-9293757d5bb84d7c873e5488c714effb,"https://www.notion.so/Ether-Optimism-e704056a8b8341b6a94d3209204900e5, https://www.notion.so/Synapse-ETH-Optimism-84f5c570f169425ba979432d019f4288",B,0.0847,https://exponential.fi/pools/6c45ee3d-23ed-4b54-9229-6ffaaa45b8c2
Convex ETH Market Making,https://www.notion.so/Convex-910d63740ea849b08b340b81ea7c21af,"https://www.notion.so/Ether-083c480c6565470385190396104819ad, https://www.notion.so/Alchemix-ETH-Ethereum-7387197fe1984e539f74112da3cee78e",B,0.084,https://exponential.fi/pools/1da77749-53dc-46e3-8946-b1eec6301ccf
Idle ETH Perpetual Yield Tranches (Junior),https://www.notion.so/Idle-a4567aed0b3d4d03b93d94b791240365,https://www.notion.so/Lido-Staked-ETH-bb04fee601b040d9864547d1a8676426,A,0.083,https://exponential.fi/pools/c12dc06e-b36f-413e-9025-4024835093e9
StakeDAO ETH Market Making,https://www.notion.so/Stake-DAO-540e96f6ad694a939f0832ad5ac3814c,"https://www.notion.so/Ether-083c480c6565470385190396104819ad, https://www.notion.so/Lido-Staked-ETH-bb04fee601b040d9864547d1a8676426",B,0.0822,https://exponential.fi/pools/86aa8645-e5ba-4680-9781-72681a13b4d2
Yearn ETH Market Making,https://www.notion.so/Yearn-34a1ee33e55f4ee7b3b9a204d8508119,"https://www.notion.so/Ether-083c480c6565470385190396104819ad, https://www.notion.so/Coinbase-Wrapped-Staked-ETH-1dfae184eee1474da504942ddd079864",B,0.0777,https://exponential.fi/pools/2abe5cc3-ed15-4218-b26e-7181e5de38c7
Synapse ETH Market Making,https://www.notion.so/Synapse-9293757d5bb84d7c873e5488c714effb,"https://www.notion.so/Ether-Arbitrum-618dc9ce2caf471db17711489cc652c6, https://www.notion.so/Synapse-ETH-Arbitrum-7e55b7d3704a45c0b80be81d497c60d7",C,0.0773,https://exponential.fi/pools/c2356cf9-db51-4401-a89f-7e1b76cf4e4c
WOOFi ETH Staking,https://www.notion.so/WOOFi-Earn-815a7eaa17c149389068eb6b502c5412,https://www.notion.so/WETH-ad6755dc09c042a5b18d5362f2b8258d,D,0.0773,https://exponential.fi/pools/88f7009e-b575-4784-82b9-00ade37027e3
Frax ETH Staking,https://www.notion.so/Frax-Ether-f791c0795f69469c87bbd83770754681,https://www.notion.so/Frax-Ether-7125030fffb04b6f9dbe876def5784fe,D,0.0754,https://exponential.fi/pools/67865fd7-c523-4700-a3d8-410ae8765b65
Uniswap ETH Market Making,https://www.notion.so/Uniswap-v3-5461faaf7fc343298b466a6ee71b9ff2,"https://www.notion.so/Ether-083c480c6565470385190396104819ad, https://www.notion.so/Coinbase-Wrapped-Staked-ETH-1dfae184eee1474da504942ddd079864",B,0.0666,https://exponential.fi/pools/11b1cee1-2018-4565-9efe-b5dec316a1ab
Beefy ETH Market Making,https://www.notion.so/Beefy-20c692aec6c340fdb06932e2147569e4,"https://www.notion.so/Lido-wstETH-013ff4b9d34d4a2f94ecf5f5532421dd, https://www.notion.so/Ether-Arbitrum-618dc9ce2caf471db17711489cc652c6",C,0.0653,https://exponential.fi/pools/ce230407-2092-4bb0-b467-a176aea03da5
Across ETH Bridging,https://www.notion.so/Across-1782ff2ec4644e4f8b546121c83a8532,https://www.notion.so/Ether-083c480c6565470385190396104819ad,B,0.0646,https://exponential.fi/pools/6ce28b2f-b78c-427b-9246-93338b55a9b4
Curve ETH Market Making,https://www.notion.so/Curve-0c7b96b2a2274fb4a869e971c604ee4f,"https://www.notion.so/SETH-facbfe6e79174d5fa21f60ad95a0d4a8, https://www.notion.so/Ether-083c480c6565470385190396104819ad",B,0.0633,https://exponential.fi/pools/48f75fde-f85b-46c4-9f0d-11a041d7c3d7
Tokemak ETH Market Making,https://www.notion.so/Tokemak-a921d0822b2a4ca4b14c42e4a160bca1,https://www.notion.so/Ether-083c480c6565470385190396104819ad,B,0.0624,https://exponential.fi/pools/d3b321c2-4811-4b6d-a624-2da45c682f4e
Mero ETH Staking,https://www.notion.so/Mero-9996705d15a440f39311594ce2b42bdf,"https://www.notion.so/Alchemix-ETH-Ethereum-7387197fe1984e539f74112da3cee78e, https://www.notion.so/Ether-083c480c6565470385190396104819ad",C,0.0606,https://exponential.fi/pools/ab46f91b-d7bb-4f2c-b1df-27308505afef
Pendle USDC Yield Token (3/29),https://www.notion.so/Pendle-7cd317bcbc3943d0ab51853f9a8f048e,"https://www.notion.so/Frax-Ethereum-2c39cf8d821b4fefa9002a21a6b856da, https://www.notion.so/USD-Coin-Ethereum-5543257d4f2348c1ac408501694c7316",F,0.8099,https://exponential.fi/pools/464c039b-e7dc-4952-941f-b42c090733a7
Sommelier USD Yield,https://www.notion.so/Sommelier-78ae2dc1e51d4e8aad48a1f33b17d072,"https://www.notion.so/Tether-USD-Ethereum-0fd710520a85406d9575e4069fa27f0c, https://www.notion.so/USD-Coin-Ethereum-5543257d4f2348c1ac408501694c7316, https://www.notion.so/Dai-Stablecoin-376edb1ce3d942088af5c5ce4c802364",C,0.2888,https://exponential.fi/pools/dce67535-31ee-4d38-b30b-f90fb0eb9a8c
DeFiChain USD Market Making,https://www.notion.so/DeFiChain-Dex-482f16505a3542d1b1d115c0448424c3,"https://www.notion.so/DeFiChain-Tether-USD-0f75b765e2734cabb8636670fc0139e6, https://www.notion.so/Decentralized-USD-e768f69eee0c40f890b4e9ea2b3723af",F,0.2584,https://exponential.fi/pools/3fb0669b-4629-4ec6-bf15-6bf5331c40e4
Mero USD Staking,https://www.notion.so/Mero-9996705d15a440f39311594ce2b42bdf,"https://www.notion.so/Tether-USD-Ethereum-0fd710520a85406d9575e4069fa27f0c, https://www.notion.so/Magic-Internet-Money-Ethereum-07799e51635c40b39aff0e62364450b9, https://www.notion.so/USD-Coin-Ethereum-5543257d4f2348c1ac408501694c7316, https://www.notion.so/Dai-Stablecoin-376edb1ce3d942088af5c5ce4c802364",D,0.2486,https://exponential.fi/pools/3a5ae522-123e-4703-8822-b23c56db0bf4
DeFiChain USD Market Making,https://www.notion.so/DeFiChain-Dex-482f16505a3542d1b1d115c0448424c3,"https://www.notion.so/DeFiChain-USD-Coin-48b387ee6dcb42ab8eee154644a451be, https://www.notion.so/Decentralized-USD-e768f69eee0c40f890b4e9ea2b3723af",F,0.2391,https://exponential.fi/pools/37a2dd58-aa4f-47d3-9ac7-9097352d8c40
Beethoven USD Market Making,https://www.notion.so/Beethoven-X-708095aef6614b3d90e59e26d44b8fd6,"https://www.notion.so/USD-Coin-Ethereum-5543257d4f2348c1ac408501694c7316, https://www.notion.so/DEI-032e10fff5d242598b3bc0036222724b",F,0.2148,https://exponential.fi/pools/ac4c0b91-38c7-4251-8bf0-9a0abb612eab
Gains USD Market Making,https://www.notion.so/Gains-Network-62ababe752b640adb8ff29912cded3b5,https://www.notion.so/Dai-Stablecoin-Arbitrum-c638e30b113848fab176a063ab58e87e,C,0.1965,https://exponential.fi/pools/922a1b0c-f65a-47df-bb41-f844766021f4
Velodrome EUR-USD Market Making,https://www.notion.so/Velodrome-8068c146addc40c0b284506bc9c64c2f,"https://www.notion.so/Mai-Stablecoin-Optimism-e8500a9b9aa446559ed56991c951e712, https://www.notion.so/agEUR-Ethereum-2264a5f36df84c34af56a246be239904",D,0.192,https://exponential.fi/pools/c9652896-18aa-4a32-b8ef-e212f5ff0746
Yearn USD Market Making,https://www.notion.so/Yearn-34a1ee33e55f4ee7b3b9a204d8508119,"https://www.notion.so/Tether-USD-Ethereum-0fd710520a85406d9575e4069fa27f0c, https://www.notion.so/USD-Coin-Ethereum-5543257d4f2348c1ac408501694c7316, https://www.notion.so/Dai-Stablecoin-376edb1ce3d942088af5c5ce4c802364, https://www.notion.so/Neutrino-USD-Waves-4dcd691475894d2a9a24ddb0c5dd2274",F,0.1906,https://exponential.fi/pools/180f5317-6b2b-43f9-bc3d-cd6cabd88724
Uniswap EUR-USD Market Making,https://www.notion.so/Uniswap-v3-5461faaf7fc343298b466a6ee71b9ff2,"https://www.notion.so/USD-Coin-PoS-Polygon-63baa480cefb4baf806172a19c7a04c0, https://www.notion.so/agEUR-Ethereum-2264a5f36df84c34af56a246be239904",C,0.18,https://exponential.fi/pools/70e53a74-1344-4988-8c4a-20edb953a922
Goldfinch USD Lending,https://www.notion.so/Goldfinch-a35e27ba4f424f02ab80d5182a3e525f,https://www.notion.so/USD-Coin-Ethereum-5543257d4f2348c1ac408501694c7316,C,0.1702,https://exponential.fi/pools/4d5d2f57-c528-40f5-8fbf-9d4dc6c94b78
Beefy USD Market Making,https://www.notion.so/Beefy-20c692aec6c340fdb06932e2147569e4,"https://www.notion.so/USD-Coin-Optimism-e9e478f29ca149308ac4e572c9d35921, https://www.notion.so/Alchemix-USD-Optimism-6a23b74f76504d339e39d89811562dc3",D,0.1622,https://exponential.fi/pools/4efd320f-0705-4547-964d-447287e0cb07
KyberSwap USD Market Making,https://www.notion.so/KyberSwap-afb9abc1379542e3875e4fe42ca7282e,"https://www.notion.so/USD-Coin-Optimism-e9e478f29ca149308ac4e572c9d35921, https://www.notion.so/Mai-Stablecoin-Optimism-e8500a9b9aa446559ed56991c951e712",C,0.1366,https://exponential.fi/pools/7c608d69-26aa-4427-bde9-fe97b9f0f594
KyberSwap USD Market Making,https://www.notion.so/KyberSwap-afb9abc1379542e3875e4fe42ca7282e,"https://www.notion.so/USD-Coin-PoS-Polygon-63baa480cefb4baf806172a19c7a04c0, https://www.notion.so/miMATIC-PoS-Polygon-8289a31ba5294684a127ab8b691d35a3",C,0.1327,https://exponential.fi/pools/2bcc8726-ed49-41fe-8459-57f5381ac747
Reaper Farm USD Lending,https://www.notion.so/Reaper-Farm-fd2bb80c05c646a296c7212953d597c1,https://www.notion.so/Tether-USD-Optimism-08cb52b8fff64906bdfbdec9b9ef41bb,D,0.131,https://exponential.fi/pools/2067f186-d64a-43cb-b6d5-134b898d4d6a
Clearpool-Auros USD Lending,https://www.notion.so/Clearpool-dfb7972343f44de1bf441f67894db780,https://www.notion.so/USD-Coin-PoS-Polygon-63baa480cefb4baf806172a19c7a04c0,D,0.129,https://exponential.fi/pools/52e0a308-cb64-4921-bf53-f812cad17179
Overnight USD Staking,https://www.notion.so/Overnight-74f28764b8a041e6a9542cfa5908b225,https://www.notion.so/USD-a6df89c5b63b4e81937af363eb539e1b,C,0.1261,https://exponential.fi/pools/7aa9edb3-5fcb-4921-a6dc-f33b17aa97a6
Reaper Farm USD Lending,https://www.notion.so/Reaper-Farm-fd2bb80c05c646a296c7212953d597c1,https://www.notion.so/Dai-Stablecoin-Optimism-e1f800b120b64918a14bd49e952e0b66,D,0.1131,https://exponential.fi/pools/10ded717-9663-467c-8a39-3de140ac5b96
Synapse USD Market Making,https://www.notion.so/Synapse-9293757d5bb84d7c873e5488c714effb,"https://www.notion.so/USD-Coin-Avalanche-Bridged-f53a8bb79e4d47c8be610da9aeeaef77, https://www.notion.so/Tether-USD-Avalanche-ab8398ee64df4afe90a3cbac6fc9859d, https://www.notion.so/Dai-Stablecoin-Avalanche-50e5e95542d446328030694140989c60, https://www.notion.so/Synapse-USD-Avalanche-d879b28428904bb98e62d5b548678d12",C,0.1109,https://exponential.fi/pools/dfbc9346-22d4-46a8-a74a-6e7ced6164c5
Synapse USD Market Making,https://www.notion.so/Synapse-9293757d5bb84d7c873e5488c714effb,"https://www.notion.so/Binance-Peg-USD-Coin-5c2a708661b146ab9a669b22a3768461, https://www.notion.so/Binance-Peg-BSC-USD-751e42f80a8d4f0181e6eccb259e6bd5, https://www.notion.so/Binance-Peg-BUSD-Token-BNB-Chain-d166c7036d554bdb9ebc33f90e70baaf, https://www.notion.so/Synapse-USD-BNB-Chain-e8e0a01f40114e8c8e00080bf17ef778",D,0.1104,https://exponential.fi/pools/e5240730-3ab8-411b-b3d3-27dc1592e29c
Vires USD Lending,https://www.notion.so/Vires-cea74e2bffac4b2ab6cb40b4e13e8b53,https://www.notion.so/Neutrino-USD-Waves-4dcd691475894d2a9a24ddb0c5dd2274,F,0.1092,https://exponential.fi/pools/6defbe57-447a-46ab-892b-825c4fef681e
Reaper Farm USD Lending,https://www.notion.so/Reaper-Farm-fd2bb80c05c646a296c7212953d597c1,https://www.notion.so/USD-Coin-Optimism-e9e478f29ca149308ac4e572c9d35921,D,0.108,https://exponential.fi/pools/a703a3cc-4c6a-49a2-85e4-cfef5b73033f
Synapse USD Market Making,https://www.notion.so/Synapse-9293757d5bb84d7c873e5488c714effb,"https://www.notion.so/USD-Coin-Optimism-e9e478f29ca149308ac4e572c9d35921, https://www.notion.so/Synapse-USD-Optimism-29e2584204c64a059dac0ca335400bc0",C,0.1035,https://exponential.fi/pools/92eb4412-b8e2-4398-aae4-0f3c62e625f9
Sherlock USD Staking,https://www.notion.so/Sherlock-db9fa76b02594271b7584560e6782265,https://www.notion.so/USD-Coin-Ethereum-5543257d4f2348c1ac408501694c7316,B,0.1013,https://exponential.fi/pools/971c88d2-0766-4b1f-81e8-6d221bb6552b
Synapse USD Market Making,https://www.notion.so/Synapse-9293757d5bb84d7c873e5488c714effb,"https://www.notion.so/USD-Coin-Arbitrum-ee19df9327cb4589a30303ab1ae833a0, https://www.notion.so/Tether-USD-Arbitrum-35225ab62f8844a5a5ded091704def40, https://www.notion.so/Synapse-USD-Arbitrum-d6ea68b7e21e47dc836be115c11b1674",C,0.1012,https://exponential.fi/pools/7f18548a-80f7-4782-b5e6-c428703d4f89
Synapse USD Market Making,https://www.notion.so/Synapse-9293757d5bb84d7c873e5488c714effb,"https://www.notion.so/USD-Coin-PoS-Polygon-63baa480cefb4baf806172a19c7a04c0, https://www.notion.so/Tether-USD-PoS-Polygon-f7228cfada3b4c2b94e836181091cd7d, https://www.notion.so/Dai-Stablecoin-PoS-Polygon-b008df7a3ed44f6ba265a4aebe9a58d0, https://www.notion.so/Synapse-USD-Polygon-9b75da1dce4a464fbf6f76705ead4ed7",C,0.1005,https://exponential.fi/pools/ec7a6b03-10bb-4ee0-85e6-7c9d604e09ab
Beefy USD Market Making,https://www.notion.so/Beefy-20c692aec6c340fdb06932e2147569e4,"https://www.notion.so/USD-Coin-Optimism-e9e478f29ca149308ac4e572c9d35921, https://www.notion.so/Synth-USD-Optimism-012810cb4e0549f49efb1892a573afb3",D,0.1003,https://exponential.fi/pools/040f45e9-d457-4853-94a1-7142cc1031db
Convex EUR-USD Market Making,https://www.notion.so/Convex-910d63740ea849b08b340b81ea7c21af,"https://www.notion.so/agEUR-Ethereum-2264a5f36df84c34af56a246be239904, https://www.notion.so/Frax-Ethereum-2c39cf8d821b4fefa9002a21a6b856da, https://www.notion.so/USD-Coin-Ethereum-5543257d4f2348c1ac408501694c7316",F,0.1001,https://exponential.fi/pools/c6da6c35-2c52-4a23-afc4-8e0756eaf785
KyberSwap USD Market Making,https://www.notion.so/KyberSwap-afb9abc1379542e3875e4fe42ca7282e,"https://www.notion.so/Tether-USD-Optimism-08cb52b8fff64906bdfbdec9b9ef41bb, https://www.notion.so/Dai-Stablecoin-Optimism-e1f800b120b64918a14bd49e952e0b66",C,0.0989,https://exponential.fi/pools/b347fe57-6e61-4145-af57-f3d559a06cde
Convex EUR Market Making,https://www.notion.so/Convex-910d63740ea849b08b340b81ea7c21af,"https://www.notion.so/Tether-EURt-f21fe82f5e6143b89dcb355b5bc0c29a, https://www.notion.so/Statis-Euro-9a3c212d00074bbca972ea859a142623, https://www.notion.so/agEUR-Ethereum-2264a5f36df84c34af56a246be239904",C,0.0985,https://exponential.fi/pools/8f59270f-cd92-4376-a48d-56c7cedecc6e